query,page,clicks,impressions,ctr,position,post_id
レッドコード 整体,https://physical-balance-lab.com/,206,2290,0.08995633187772925,3.576419213973799,
レッドコード施術,https://physical-balance-lab.com/,120,998,0.12024048096192384,4.569138276553106,
レッドコード 名古屋,https://physical-balance-lab.com/,83,267,0.31086142322097376,1.9550561797752808,
無重力整体,https://physical-balance-lab.com/,43,431,0.09976798143851508,7.6682134570765665,
無重力整体 レッドコード,https://physical-balance-lab.com/,43,299,0.14381270903010032,4.066889632107023,
無重力整体レッドコード,https://physical-balance-lab.com/,38,369,0.10298102981029811,3.772357723577236,
フィジカルバランスラボ整体院,https://physical-balance-lab.com/,37,132,0.2803030303030303,1.3333333333333333,
pemfとは,https://physical-balance-lab.com/441/,34,2643,0.012864169504351116,6.524025728339009,441
レッドコード整体,https://physical-balance-lab.com/,34,452,0.0752212389380531,3.6792035398230087,
パルス電磁場とは,https://physical-balance-lab.com/441/,29,1535,0.018892508143322474,6.710749185667752,441
側 弯症 手術後 痛み いつまで,https://physical-balance-lab.com/976/,29,815,0.03558282208588957,7.387730061349694,976
側 弯症 手術後 できない こと,https://physical-balance-lab.com/976/,25,823,0.030376670716889428,11.353584447144593,976
レッド コード 整体,https://physical-balance-lab.com/,22,270,0.08148148148148149,4.466666666666667,
側弯症 術後 痛み,https://physical-balance-lab.com/976/,21,250,0.084,7.524,976
pemf,https://physical-balance-lab.com/441/,20,1102,0.018148820326678767,7.683303085299456,441
レッドコード 施術,https://physical-balance-lab.com/,20,240,0.08333333333333333,3.4791666666666665,
反り腰 体育座り,https://physical-balance-lab.com/1063/,19,323,0.058823529411764705,5.8390092879256965,1063
側 弯症 歩行 特徴,https://physical-balance-lab.com/1182/,18,409,0.044009779951100246,4.52322738386308,1182
pemf 治療,https://physical-balance-lab.com/441/,16,324,0.04938271604938271,7.632716049382716,441
側弯症 股関節の痛み,https://physical-balance-lab.com/1176/,13,207,0.06280193236714976,5.908212560386473,1176
pemf療法,https://physical-balance-lab.com/441/,12,1209,0.009925558312655087,9.8560794044665,441
側弯症 歩き方,https://physical-balance-lab.com/1182/,12,282,0.0425531914893617,4.50709219858156,1182
フィジカルバランスラボ整体院,https://physical-balance-lab.com/about/,11,128,0.0859375,2.25,
側弯症 手術 痛み,https://physical-balance-lab.com/976/,11,241,0.04564315352697095,8.792531120331951,976
体育座り 反り腰,https://physical-balance-lab.com/1063/,10,188,0.05319148936170213,5.579787234042553,1063
空中整体,https://physical-balance-lab.com/,10,73,0.136986301369863,6.397260273972603,
pemf 効果,https://physical-balance-lab.com/441/,9,295,0.030508474576271188,6.71864406779661,441
星ヶ丘 整体,https://physical-balance-lab.com/,9,620,0.014516129032258065,8.01290322580645,
無重力 整体,https://physical-balance-lab.com/,9,82,0.10975609756097561,6.573170731707317,
側弯症 手術後 痛み いつまで,https://physical-balance-lab.com/976/,8,102,0.0784313725490196,8.656862745098039,976
パルス電磁場,https://physical-balance-lab.com/441/,7,654,0.010703363914373088,3.324159021406728,441
ミルウォーキー装具,https://physical-balance-lab.com/965/,7,2084,0.0033589251439539347,1.2715930902111325,965
側弯症 手術 後遺症,https://physical-balance-lab.com/976/,7,208,0.03365384615384615,10.057692307692308,976
側弯症 手術後 できないこと,https://physical-balance-lab.com/976/,7,182,0.038461538461538464,14.543956043956044,976
パルス電磁場療法,https://physical-balance-lab.com/441/,6,846,0.0070921985815602835,10.131205673758865,441
レッドコード 名古屋,https://physical-balance-lab.com/about/,6,125,0.048,9.304,
レッドコード 自律神経,https://physical-balance-lab.com/news/%E3%80%90%E8%87%AA%E5%BE%8B%E7%A5%9E%E7%B5%8C%E3%81%AE%E4%B9%B1%E3%82%8C%E3%81%AB%E6%B0%97%E3%82%92%E3%81%A4%E3%81%91%E3%81%A6%EF%BC%81%E3%80%91/,6,40,0.15,3.125,
側 弯症 手術後 背中の 痛み,https://physical-balance-lab.com/976/,6,82,0.07317073170731707,5.2682926829268295,976
フィジカルバランスラボ整体院,https://physical-balance-lab.com/for-newcomers/,5,115,0.043478260869565216,2.6695652173913045,
レッドコード 整体,https://physical-balance-lab.com/about/,5,186,0.026881720430107527,8.17741935483871,
レッドコード 施術所,https://physical-balance-lab.com/,5,79,0.06329113924050633,5.518987341772152,
レッドコード施術 名古屋,https://physical-balance-lab.com/,5,28,0.17857142857142858,1.6428571428571428,
側弯症 装具 種類,https://physical-balance-lab.com/965/,5,121,0.04132231404958678,9.892561983471074,965
無重力 整体 レッドコード,https://physical-balance-lab.com/,5,46,0.10869565217391304,3.1956521739130435,
無重力整体 名古屋,https://physical-balance-lab.com/,5,10,0.5,2.8,
つま先重心 治し 方,https://physical-balance-lab.com/620/,4,256,0.015625,9.32421875,620
タバコ 背中痛い,https://physical-balance-lab.com/317/,4,613,0.0065252854812398045,9.559543230016313,317
パルス電磁場療法とは,https://physical-balance-lab.com/441/,4,69,0.057971014492753624,7.2898550724637685,441
パルス電磁波療法,https://physical-balance-lab.com/441/,4,95,0.042105263157894736,7.073684210526316,441
レッドコード 愛知県,https://physical-balance-lab.com/,4,19,0.21052631578947367,1.736842105263158,
レッドコード施術 京都,https://physical-balance-lab.com/about/,4,24,0.16666666666666666,7.333333333333333,
レッドコード施術 愛知県,https://physical-balance-lab.com/,4,13,0.3076923076923077,1.5384615384615383,
側弯症 筋肉 バランス,https://physical-balance-lab.com/1171/,4,115,0.034782608695652174,9.121739130434783,1171
pemfパルス電磁場療法とは,https://physical-balance-lab.com/441/,3,178,0.016853932584269662,6.03932584269663,441
アキレス腱 硬い 生まれつき,https://physical-balance-lab.com/584/,3,112,0.026785714285714284,6.669642857142857,584
タバコ吸うと背中が痛い,https://physical-balance-lab.com/317/,3,197,0.015228426395939087,7.055837563451776,317
パルス 電磁場 療法 と は,https://physical-balance-lab.com/441/,3,43,0.06976744186046512,6.162790697674419,441
ボストンブレース,https://physical-balance-lab.com/965/,3,1528,0.001963350785340314,1.1897905759162304,965
ミルウォーキー 装具,https://physical-balance-lab.com/965/,3,427,0.00702576112412178,1.5433255269320845,965
レッド コード 整体,https://physical-balance-lab.com/about/,3,20,0.15,10.9,
上を向くと首が詰まる,https://physical-balance-lab.com/612/,3,213,0.014084507042253521,6.544600938967136,612
側 弯症 手術 後遺症,https://physical-balance-lab.com/976/,3,73,0.0410958904109589,11.246575342465754,976
側 弯症 手術 痛み,https://physical-balance-lab.com/976/,3,92,0.03260869565217391,7.260869565217392,976
側 弯症 手術後の生活,https://physical-balance-lab.com/976/,3,17,0.17647058823529413,21.764705882352942,976
側 弯症 装具 種類,https://physical-balance-lab.com/965/,3,167,0.017964071856287425,10.053892215568862,965
側弯症 手術後 背中の痛み,https://physical-balance-lab.com/976/,3,115,0.02608695652173913,9.808695652173913,976
側弯症手術 痛み,https://physical-balance-lab.com/976/,3,34,0.08823529411764706,8.029411764705882,976
側湾症 術後,https://physical-balance-lab.com/976/,3,20,0.15,8.65,976
つま先重心,https://physical-balance-lab.com/620/,2,603,0.003316749585406302,4.14759535655058,620
アキレス腱が硬い,https://physical-balance-lab.com/584/,2,87,0.022988505747126436,6.022988505747127,584
スカート 回る,https://physical-balance-lab.com/616/,2,73,0.0273972602739726,11.082191780821917,616
パルス電磁場 pemf,https://physical-balance-lab.com/441/,2,52,0.038461538461538464,7.4423076923076925,441
ボストンブレース ミルウォーキー,https://physical-balance-lab.com/965/,2,88,0.022727272727272728,1.4772727272727273,965
ボストン装具,https://physical-balance-lab.com/965/,2,1112,0.0017985611510791368,1.0017985611510791,965
レッドコード,https://physical-balance-lab.com/,2,45,0.044444444444444446,10.0,
レッドコード 整体,https://physical-balance-lab.com/for-newcomers/,2,104,0.019230769230769232,12.557692307692308,
レッドコード施術,https://physical-balance-lab.com/guidance/,2,9,0.2222222222222222,34.666666666666664,
レッドコード施術所,https://physical-balance-lab.com/,2,57,0.03508771929824561,5.298245614035087,
上を向く 首が詰まる,https://physical-balance-lab.com/612/,2,51,0.0392156862745098,5.862745098039215,612
体育座り メリット,https://physical-balance-lab.com/1063/,2,31,0.06451612903225806,8.29032258064516,1063
体育座り 腰が痛い,https://physical-balance-lab.com/1063/,2,747,0.002677376171352075,10.613119143239626,1063
体育座り 腰痛 改善,https://physical-balance-lab.com/1063/,2,419,0.00477326968973747,9.47255369928401,1063
側弯症 手術後,https://physical-balance-lab.com/976/,2,55,0.03636363636363636,5.636363636363637,976
側弯症 手術後 後遺症,https://physical-balance-lab.com/976/,2,43,0.046511627906976744,9.627906976744185,976
側弯症 手術後 腰痛,https://physical-balance-lab.com/976/,2,33,0.06060606060606061,11.030303030303031,976
側弯症 歩きにくい,https://physical-balance-lab.com/1182/,2,38,0.05263157894736842,4.894736842105264,1182
側弯症 股関節痛,https://physical-balance-lab.com/1176/,2,58,0.034482758620689655,8.258620689655173,1176
側弯症 術後,https://physical-balance-lab.com/976/,2,38,0.05263157894736842,9.68421052631579,976
側弯症 装具 ミルウォーキー,https://physical-balance-lab.com/965/,2,99,0.020202020202020204,2.6969696969696972,965
側弯症コルセット 種類,https://physical-balance-lab.com/965/,2,65,0.03076923076923077,8.6,965
側弯症装具 種類,https://physical-balance-lab.com/965/,2,57,0.03508771929824561,10.964912280701755,965
側湾症 手術 後遺症,https://physical-balance-lab.com/976/,2,105,0.01904761904761905,9.80952380952381,976
喫煙 背中の痛み,https://physical-balance-lab.com/317/,2,84,0.023809523809523808,8.226190476190476,317
星ヶ丘 腰痛,https://physical-balance-lab.com/,2,449,0.004454342984409799,7.672605790645879,
無重力 整体 レッド コード,https://physical-balance-lab.com/,2,23,0.08695652173913043,4.0,
腰椎分離症 体育座り,https://physical-balance-lab.com/1063/,2,123,0.016260162601626018,5.609756097560975,1063
腰痛 体育座り,https://physical-balance-lab.com/1063/,2,118,0.01694915254237288,11.88135593220339,1063
pemf,https://physical-balance-lab.com/,1,39,0.02564102564102564,1.0256410256410255,
pemf nasa,https://physical-balance-lab.com/441/,1,2,0.5,2.0,441
pemf とは,https://physical-balance-lab.com/441/,1,21,0.047619047619047616,9.095238095238095,441
pemf 原理,https://physical-balance-lab.com/441/,1,3,0.3333333333333333,2.333333333333333,441
pemf 怪しい,https://physical-balance-lab.com/441/,1,3,0.3333333333333333,1.0,441
pemfセラピー,https://physical-balance-lab.com/441/,1,15,0.06666666666666667,7.866666666666666,441
つま先に重心,https://physical-balance-lab.com/620/,1,98,0.01020408163265306,6.979591836734694,620
つま先重心 治し方,https://physical-balance-lab.com/620/,1,114,0.008771929824561403,10.043859649122806,620
よろしく,https://physical-balance-lab.com/news/%E3%80%90%E9%96%8B%E6%A5%AD10%E5%B9%B4%E3%80%82%E3%81%93%E3%81%93%E3%81%8B%E3%82%89%E3%81%8C%E6%9C%AC%E5%BD%93%E3%81%AE%E3%82%B9%E3%82%BF%E3%83%BC%E3%83%88%EF%BC%81%E3%80%91/,1,1,1.0,3.0,
アキレス腱 固まる,https://physical-balance-lab.com/584/,1,2,0.5,48.0,584
アキレス腱 硬い,https://physical-balance-lab.com/584/,1,173,0.005780346820809248,11.07514450867052,584
アキレス腱 硬い 原因,https://physical-balance-lab.com/584/,1,46,0.021739130434782608,11.652173913043478,584
アキレス腱硬い,https://physical-balance-lab.com/584/,1,220,0.004545454545454545,4.922727272727273,584
スカート 回る 対策,https://physical-balance-lab.com/616/,1,58,0.017241379310344827,8.948275862068964,616
スカートが回る,https://physical-balance-lab.com/616/,1,48,0.020833333333333332,7.9375,616
タバコ吸ったら背中が痛い,https://physical-balance-lab.com/317/,1,30,0.03333333333333333,7.233333333333333,317
バランスラボ,https://physical-balance-lab.com/,1,4,0.25,7.25,
フィジカルバランスラボ整体院,https://physical-balance-lab.com/guidance/,1,65,0.015384615384615385,1.4,
ボディメカニクスとは,https://physical-balance-lab.com/932/,1,264,0.003787878787878788,1.253787878787879,932
ミルウォーキーブレース,https://physical-balance-lab.com/965/,1,689,0.001451378809869376,2.383164005805515,965
レットコード施術,https://physical-balance-lab.com/,1,4,0.25,1.75,
レッドコート施術,https://physical-balance-lab.com/about/,1,3,0.3333333333333333,6.333333333333333,
レッドコードせじゅつ,https://physical-balance-lab.com/,1,9,0.1111111111111111,4.0,
レッドコード施術,https://physical-balance-lab.com/about/,1,6,0.16666666666666666,3.6666666666666665,
レッドコード施術,https://physical-balance-lab.com/for-newcomers/,1,112,0.008928571428571428,1.3125,
レッドロープ 整体,https://physical-balance-lab.com/,1,5,0.2,4.2,
体育座り 健康,https://physical-balance-lab.com/1063/,1,3,0.3333333333333333,18.0,1063
体育座り 腰に悪い,https://physical-balance-lab.com/1063/,1,85,0.011764705882352941,11.4,1063
体育座り 腰痛,https://physical-balance-lab.com/1063/,1,333,0.003003003003003003,11.762762762762764,1063
体育座り 腰痛 原因,https://physical-balance-lab.com/1063/,1,184,0.005434782608695652,9.869565217391305,1063
体育座り 腰痛い,https://physical-balance-lab.com/1063/,1,100,0.01,10.79,1063
体育座り腰痛い,https://physical-balance-lab.com/1063/,1,74,0.013513513513513514,9.824324324324325,1063
側 弯症 手術 体験談,https://physical-balance-lab.com/976/,1,1,1.0,1.0,976
側 弯症 手術 後 できない こと,https://physical-balance-lab.com/976/,1,29,0.034482758620689655,12.517241379310345,976
側 弯症 手術後 生活,https://physical-balance-lab.com/976/,1,7,0.14285714285714285,17.428571428571427,976
側 弯症 手術後 痛み 知恵袋,https://physical-balance-lab.com/976/,1,3,0.3333333333333333,13.666666666666666,976
側 弯症 手術後 違和感,https://physical-balance-lab.com/976/,1,23,0.043478260869565216,6.391304347826087,976
側 弯症 歩行障害,https://physical-balance-lab.com/1182/,1,3,0.3333333333333333,3.0,1182
側弯症 ウォーキング,https://physical-balance-lab.com/1182/,1,41,0.024390243902439025,9.146341463414634,1182
側弯症 筋肉,https://physical-balance-lab.com/1171/,1,18,0.05555555555555555,16.77777777777778,1171
側弯症 術後 後遺症,https://physical-balance-lab.com/976/,1,2,0.5,25.0,976
側弯症 骨盤,https://physical-balance-lab.com/1176/,1,80,0.0125,5.45,1176
側弯症手術後 痛み,https://physical-balance-lab.com/976/,1,46,0.021739130434782608,9.782608695652174,976
側弯症手術後できないこと,https://physical-balance-lab.com/976/,1,12,0.08333333333333333,11.083333333333334,976
側弯症手術後の生活,https://physical-balance-lab.com/976/,1,2,0.5,15.0,976
側弯症術後,https://physical-balance-lab.com/976/,1,12,0.08333333333333333,8.833333333333332,976
側弯症装具,https://physical-balance-lab.com/965/,1,2,0.5,22.0,965
側湾症 手術後,https://physical-balance-lab.com/976/,1,36,0.027777777777777776,7.805555555555555,976
側湾症 手術後 痛み,https://physical-balance-lab.com/976/,1,24,0.041666666666666664,7.375,976
側湾症 筋肉,https://physical-balance-lab.com/1171/,1,4,0.25,13.25,1171
写真,https://physical-balance-lab.com/965/,1,1,1.0,2.0,965
名古屋 整体 名医,https://physical-balance-lab.com/,1,1,1.0,33.0,
接骨院 名古屋,https://physical-balance-lab.com/,1,1,1.0,105.0,
無重力 整体 レッドコード,https://physical-balance-lab.com/about-redcord/,1,2,0.5,8.5,
禁煙 背中の痛み,https://physical-balance-lab.com/317/,1,67,0.014925373134328358,9.014925373134329,317
背中 片方 だけ 盛り上がる,https://physical-balance-lab.com/1769/,1,3,0.3333333333333333,4.333333333333334,1769
背中の痛み タバコ,https://physical-balance-lab.com/317/,1,3,0.3333333333333333,11.0,317
胸 腰椎 移行部 ストレッチ,https://physical-balance-lab.com/1173/,1,29,0.034482758620689655,7.344827586206897,1173
胸腰椎移行部 ストレッチ,https://physical-balance-lab.com/1173/,1,16,0.0625,7.5625,1173
胸腰筋膜 硬い,https://physical-balance-lab.com/1460/,1,24,0.041666666666666664,10.75,1460
脊柱側弯症 ストレッチ,https://physical-balance-lab.com/1101/,1,30,0.03333333333333333,9.066666666666666,1101
脊柱起立筋 左右差,https://physical-balance-lab.com/1171/,1,33,0.030303030303030304,12.090909090909092,1171
腕のねじれ 原因,https://physical-balance-lab.com/744/,1,4,0.25,30.5,744
腰痛 しこり,https://physical-balance-lab.com/1460/,1,14,0.07142857142857142,24.357142857142858,1460
頚椎の詰まり,https://physical-balance-lab.com/612/,1,119,0.008403361344537815,7.008403361344538,612
風邪 腰痛,https://physical-balance-lab.com/news/%E3%80%90%E9%A2%A8%E9%82%AA%E3%81%A8%E8%85%B0%E7%97%9B%E3%81%AE%E6%84%8F%E5%A4%96%E3%81%AA%E9%96%A2%E4%BF%82%E3%80%91/,1,76,0.013157894736842105,39.01315789473684,
40代 腰痛,https://physical-balance-lab.com/1124/,0,1,0.0,52.0,1124
40代女性 腰痛,https://physical-balance-lab.com/1124/,0,3,0.0,39.0,1124
50代 腰が曲がる,https://physical-balance-lab.com/1122/,0,1,0.0,95.0,1122
76歳腰を痛打,https://physical-balance-lab.com/1058/,0,2,0.0,9.0,1058
boston型装具,https://physical-balance-lab.com/965/,0,132,0.0,1.0075757575757576,965
boston装具,https://physical-balance-lab.com/965/,0,30,0.0,1.0333333333333334,965
d.func.|名古屋市西区の整体・治療院,https://physical-balance-lab.com/about/,0,1,0.0,27.0,
gazou,https://physical-balance-lab.com/965/,0,1,0.0,12.0,965
jewett型装具,https://physical-balance-lab.com/965/,0,1,0.0,3.0,965
lenke分類,https://physical-balance-lab.com/965/,0,1,0.0,7.0,965
milwaukee 装具,https://physical-balance-lab.com/965/,0,4,0.0,1.0,965
milwaukee装具,https://physical-balance-lab.com/965/,0,64,0.0,1.0,965
nasa pemf,https://physical-balance-lab.com/441/,0,1,0.0,1.0,441
p e m f,https://physical-balance-lab.com/441/,0,3,0.0,7.0,441
p90 理学療法機器,https://physical-balance-lab.com/441/,0,1,0.0,4.0,441
pe mf,https://physical-balance-lab.com/441/,0,1,0.0,9.0,441
pefm,https://physical-balance-lab.com/441/,0,4,0.0,2.5,441
pem f,https://physical-balance-lab.com/441/,0,1,0.0,6.0,441
pemf therapy,https://physical-balance-lab.com/441/,0,1,0.0,1.0,441
pemf ダイエット,https://physical-balance-lab.com/441/,0,1,0.0,5.0,441
pemf テラヘルツ,https://physical-balance-lab.com/441/,0,12,0.0,5.833333333333333,441
pemf マット,https://physical-balance-lab.com/441/,0,3,0.0,9.333333333333334,441
pemf 副作用,https://physical-balance-lab.com/441/,0,10,0.0,4.2,441
pemf 大谷翔平,https://physical-balance-lab.com/441/,0,3,0.0,7.333333333333333,441
pemf 家庭用,https://physical-balance-lab.com/441/,0,2,0.0,12.0,441
pemf 機器,https://physical-balance-lab.com/441/,0,10,0.0,10.5,441
pemf 治療,https://physical-balance-lab.com/,0,11,0.0,1.0,
pemf 治療 器,https://physical-balance-lab.com/441/,0,2,0.0,10.0,441
pemf 治療器,https://physical-balance-lab.com/441/,0,49,0.0,10.387755102040817,441
pemf.,https://physical-balance-lab.com/441/,0,1,0.0,1.0,441
pemfセラピー,https://physical-balance-lab.com/,0,2,0.0,1.0,
pemf機器,https://physical-balance-lab.com/441/,0,295,0.0,16.433898305084746,441
pemf治療,https://physical-balance-lab.com/,0,3,0.0,1.0,
pemf治療,https://physical-balance-lab.com/441/,0,46,0.0,7.021739130434782,441
pemf治療器,https://physical-balance-lab.com/441/,0,3,0.0,7.333333333333333,441
pemf療法,https://physical-balance-lab.com/,0,13,0.0,1.0,
pemf療法装置市場,https://physical-balance-lab.com/441/,0,2,0.0,60.5,441
physical balance,https://physical-balance-lab.com/,0,3,0.0,14.0,
physical balance,https://physical-balance-lab.com/about/,0,1,0.0,56.0,
physical balance,https://physical-balance-lab.com/for-newcomers/,0,2,0.0,3.0,
red 肩こり,https://physical-balance-lab.com/about-redcord/,0,2,0.0,53.5,
scoliosis,https://physical-balance-lab.com/965/,0,1,0.0,3.0,965
scs 腰,https://physical-balance-lab.com/1460/,0,1,0.0,72.0,1460
tfcc ゴルフ,https://physical-balance-lab.com/731/,0,2,0.0,26.5,731
tfcc損傷,https://physical-balance-lab.com/731/,0,1,0.0,7.0,731
tfcc損傷 ゴルフ,https://physical-balance-lab.com/731/,0,62,0.0,23.43548387096774,731
tlso 装具,https://physical-balance-lab.com/965/,0,1,0.0,3.0,965
tvt 意味,https://physical-balance-lab.com/1107/,0,1,0.0,9.0,1107
いつからある？,https://physical-balance-lab.com/932/,0,1,0.0,2.0,932
おやま座り,https://physical-balance-lab.com/1063/,0,1,0.0,3.0,1063
お風呂 体育座り,https://physical-balance-lab.com/1063/,0,6,0.0,1.0,1063
かわで整体院,https://physical-balance-lab.com/,0,1,0.0,49.0,
ぎっくり腰 ストレッチ,https://physical-balance-lab.com/,0,1,0.0,98.0,
ぎっくり腰 体育座り,https://physical-balance-lab.com/1063/,0,265,0.0,7.758490566037736,1063
ぎっくり腰 寒気,https://physical-balance-lab.com/news/%E3%80%90%E9%A2%A8%E9%82%AA%E3%81%A8%E8%85%B0%E7%97%9B%E3%81%AE%E6%84%8F%E5%A4%96%E3%81%AA%E9%96%A2%E4%BF%82%E3%80%91/,0,1,0.0,53.0,
ぎっくり腰 寒気 震え,https://physical-balance-lab.com/news/%E3%80%90%E9%A2%A8%E9%82%AA%E3%81%A8%E8%85%B0%E7%97%9B%E3%81%AE%E6%84%8F%E5%A4%96%E3%81%AA%E9%96%A2%E4%BF%82%E3%80%91/,0,1,0.0,8.0,
ぎっくり腰 梅雨,https://physical-balance-lab.com/495/,0,1,0.0,92.0,495
ぎっくり腰 風邪 併発,https://physical-balance-lab.com/news/%E3%80%90%E9%A2%A8%E9%82%AA%E3%81%A8%E8%85%B0%E7%97%9B%E3%81%AE%E6%84%8F%E5%A4%96%E3%81%AA%E9%96%A2%E4%BF%82%E3%80%91/,0,1,0.0,46.0,
くびのつまり,https://physical-balance-lab.com/612/,0,2,0.0,1.0,612
ここからが,https://physical-balance-lab.com/news/%E3%80%90%E9%96%8B%E6%A5%AD10%E5%B9%B4%E3%80%82%E3%81%93%E3%81%93%E3%81%8B%E3%82%89%E3%81%8C%E6%9C%AC%E5%BD%93%E3%81%AE%E3%82%B9%E3%82%BF%E3%83%BC%E3%83%88%EF%BC%81%E3%80%91/,0,1,0.0,28.0,
ここからが本当の,https://physical-balance-lab.com/news/%E3%80%90%E9%96%8B%E6%A5%AD10%E5%B9%B4%E3%80%82%E3%81%93%E3%81%93%E3%81%8B%E3%82%89%E3%81%8C%E6%9C%AC%E5%BD%93%E3%81%AE%E3%82%B9%E3%82%BF%E3%83%BC%E3%83%88%EF%BC%81%E3%80%91/,0,2,0.0,13.5,
これ効くの？,https://physical-balance-lab.com/441/,0,1,0.0,3.0,441
ずっと体育座り,https://physical-balance-lab.com/1063/,0,1,0.0,1.0,1063
せぼねのしくみ,https://physical-balance-lab.com/1150/,0,1,0.0,38.0,1150
せむし 原因,https://physical-balance-lab.com/976/,0,1,0.0,3.0,976
ちいりお 病気,https://physical-balance-lab.com/976/,0,1,0.0,4.0,976
つま先 重心,https://physical-balance-lab.com/620/,0,47,0.0,5.319148936170213,620
つま先 重心 治し 方,https://physical-balance-lab.com/620/,0,11,0.0,9.909090909090908,620
つま先に体重がかかる,https://physical-balance-lab.com/620/,0,9,0.0,11.333333333333334,620
つま先立ち 腰痛,https://physical-balance-lab.com/620/,0,6,0.0,15.333333333333334,620
つま先立ち 重心,https://physical-balance-lab.com/620/,0,4,0.0,8.0,620
つま先重心 かかと重心,https://physical-balance-lab.com/620/,0,1,0.0,48.0,620
つま先重心 デメリット,https://physical-balance-lab.com/620/,0,9,0.0,13.555555555555555,620
つま先重心 メリット,https://physical-balance-lab.com/620/,0,30,0.0,11.633333333333333,620
つま先重心 原因,https://physical-balance-lab.com/620/,0,19,0.0,9.578947368421053,620
つま先重心 反り腰,https://physical-balance-lab.com/620/,0,2,0.0,10.5,620
つま先重心 矯正,https://physical-balance-lab.com/620/,0,20,0.0,4.55,620
つま先重心とかかと重心,https://physical-balance-lab.com/620/,0,2,0.0,13.0,620
どれくらい？,https://physical-balance-lab.com/976/,0,1,0.0,1.0,976
どんな効果があるの？,https://physical-balance-lab.com/441/,0,1,0.0,15.0,441
なぜ体育座りをするのか,https://physical-balance-lab.com/1063/,0,1,0.0,3.0,1063
なぜ腰が曲がる,https://physical-balance-lab.com/1150/,0,1,0.0,93.0,1150
ぶら下がり どこの筋肉,https://physical-balance-lab.com/1171/,0,1,0.0,55.0,1171
ぶら下がり 肩痛い,https://physical-balance-lab.com/657/,0,1,0.0,101.0,657
ぶら下がり運動,https://physical-balance-lab.com/1191/,0,1,0.0,1.0,1191
むちうち セルフケア,https://physical-balance-lab.com/1555/,0,8,0.0,83.625,1555
りおなちゃん,https://physical-balance-lab.com/976/,0,2,0.0,4.0,976
アキレス腱 固い,https://physical-balance-lab.com/584/,0,69,0.0,12.768115942028986,584
アキレス腱 皮膚 硬い,https://physical-balance-lab.com/584/,0,30,0.0,5.9,584
アキレス腱 硬くなる 原因,https://physical-balance-lab.com/584/,0,8,0.0,11.625,584
アキレス腱 長い,https://physical-balance-lab.com/584/,0,1,0.0,36.0,584
アキレス腱がない,https://physical-balance-lab.com/584/,0,1,0.0,48.0,584
アキレス腱が固い,https://physical-balance-lab.com/584/,0,40,0.0,11.1,584
アキレス腱が硬い 原因,https://physical-balance-lab.com/584/,0,25,0.0,12.08,584
アキレス腱が硬いとどうなる,https://physical-balance-lab.com/584/,0,1,0.0,19.0,584
アキレス腱が硬い理由,https://physical-balance-lab.com/584/,0,1,0.0,10.0,584
アキレス腱が突っ張る,https://physical-balance-lab.com/584/,0,1,0.0,3.0,584
アキレス腱固い,https://physical-balance-lab.com/584/,0,34,0.0,6.911764705882353,584
アキレス腱張る,https://physical-balance-lab.com/584/,0,1,0.0,3.0,584
アキレス腱硬い原因,https://physical-balance-lab.com/584/,0,3,0.0,11.0,584
アンダーアーム型ボストンブレース,https://physical-balance-lab.com/965/,0,1,0.0,21.0,965
アンダーアーム装具,https://physical-balance-lab.com/965/,0,1,0.0,2.0,965
ウィスコンシン州 どこ,https://physical-balance-lab.com/965/,0,1,0.0,4.0,965
エアコン ぎっくり腰,https://physical-balance-lab.com/news/%E3%80%90%E3%81%8E%E3%81%A3%E3%81%8F%E3%82%8A%E8%85%B0%E3%81%AB%E6%B3%A8%E6%84%8F%E3%81%A7%E3%81%99%E3%82%88%EF%BC%81%E3%80%91/,0,1,0.0,47.0,
エオス 名古屋市千種区井上町,https://physical-balance-lab.com/898/,0,22,0.0,12.0,898
オフィス 肩こり,https://physical-balance-lab.com/465/,0,1,0.0,62.0,465
オフィス 肩こり 解消法,https://physical-balance-lab.com/465/,0,2,0.0,80.0,465
オフィスシンドローム,https://physical-balance-lab.com/465/,0,2,0.0,12.0,465
オフィス症候群,https://physical-balance-lab.com/465/,0,5,0.0,18.2,465
オリーライフ 怪しい,https://physical-balance-lab.com/441/,0,1,0.0,5.0,441
カイロプラクティック 側弯症手術後できないこと,https://physical-balance-lab.com/976/,0,9,0.0,10.555555555555555,976
カイロプラクティック 愛知,https://physical-balance-lab.com/,0,2,0.0,20.0,
カイロプラクティック 栄,https://physical-balance-lab.com/,0,3,0.0,26.333333333333332,
グローイングロッド手術,https://physical-balance-lab.com/976/,0,1,0.0,5.0,976
コブ角,https://physical-balance-lab.com/965/,0,1,0.0,3.0,965
コルセット画像,https://physical-balance-lab.com/965/,0,1,0.0,27.0,965
コルセット画像,https://physical-balance-lab.com/wp/wp-content/uploads/2024/05/eyecatch.jpg.webp,0,1,0.0,27.0,
ゴルフ tfcc損傷,https://physical-balance-lab.com/731/,0,1,0.0,30.0,731
ゴルフ ダフリ 右手首 痛い,https://physical-balance-lab.com/731/,0,1,0.0,19.0,731
ゴルフ ダフリ 手首 痛い,https://physical-balance-lab.com/731/,0,6,0.0,21.333333333333332,731
ゴルフ 内転筋 痛い,https://physical-balance-lab.com/804/,0,2,0.0,16.5,804
ゴルフ 右手首 痛い,https://physical-balance-lab.com/731/,0,14,0.0,22.071428571428573,731
ゴルフ 右手首 痛い 原因,https://physical-balance-lab.com/731/,0,1,0.0,20.0,731
ゴルフ 右手首が痛い,https://physical-balance-lab.com/731/,0,1,0.0,38.0,731
ゴルフ 左手 首 痛い 原因,https://physical-balance-lab.com/731/,0,1,0.0,1.0,731
ゴルフ 左手首 痛い,https://physical-balance-lab.com/731/,0,4,0.0,27.5,731
ゴルフ 左手首 痛い 原因,https://physical-balance-lab.com/731/,0,2,0.0,49.5,731
ゴルフ 左膝 内側 痛い,https://physical-balance-lab.com/804/,0,4,0.0,6.0,804
ゴルフ 左膝 痛い,https://physical-balance-lab.com/804/,0,1,0.0,73.0,804
ゴルフ 手首 痛い,https://physical-balance-lab.com/731/,0,239,0.0,47.21757322175732,731
ゴルフ 手首 痛い 小指側,https://physical-balance-lab.com/731/,0,1,0.0,30.0,731
ゴルフ 手首 痛い 治し方,https://physical-balance-lab.com/731/,0,1,0.0,39.0,731
ゴルフ 手首 痛み,https://physical-balance-lab.com/731/,0,8,0.0,51.0,731
ゴルフ 手首 痛める,https://physical-balance-lab.com/731/,0,3,0.0,26.0,731
ゴルフ 手首が痛い,https://physical-balance-lab.com/731/,0,1,0.0,40.0,731
ゴルフ 手首の痛み,https://physical-balance-lab.com/731/,0,1,0.0,59.0,731
ゴルフ 手首痛い,https://physical-balance-lab.com/731/,0,4,0.0,38.25,731
ゴルフ 膝 が 痛い,https://physical-balance-lab.com/804/,0,1,0.0,39.0,804
ゴルフ 膝 痛み,https://physical-balance-lab.com/804/,0,6,0.0,39.333333333333336,804
ゴルフ 膝が痛い,https://physical-balance-lab.com/804/,0,5,0.0,45.4,804
ゴルフ 膝痛,https://physical-balance-lab.com/804/,0,1,0.0,36.0,804
ゴルフ 膝痛い,https://physical-balance-lab.com/804/,0,2,0.0,40.5,804
ゴルフで手首が痛い,https://physical-balance-lab.com/731/,0,4,0.0,40.25,731
ゴルフで手首を痛めた,https://physical-balance-lab.com/731/,0,1,0.0,1.0,731
ゴルフ右手首痛い,https://physical-balance-lab.com/731/,0,2,0.0,19.5,731
ゴルフ左手首痛い,https://physical-balance-lab.com/731/,0,4,0.0,23.75,731
ゴルフ手首痛い,https://physical-balance-lab.com/731/,0,7,0.0,38.857142857142854,731
シカゴからミルウォーキー,https://physical-balance-lab.com/965/,0,2,0.0,2.0,965
スカート くるくる回る,https://physical-balance-lab.com/616/,0,1,0.0,1.0,616
スカート 上がってくる 原因,https://physical-balance-lab.com/616/,0,38,0.0,1.0,616
スカート 回る と 広がる,https://physical-balance-lab.com/616/,0,8,0.0,57.125,616
スカート 回る なぜ,https://physical-balance-lab.com/616/,0,61,0.0,1.9836065573770492,616
スカート 回る ゆるい,https://physical-balance-lab.com/616/,0,2,0.0,1.0,616
スカート 回転,https://physical-balance-lab.com/616/,0,2,0.0,5.0,616
スカート 回転する,https://physical-balance-lab.com/616/,0,4,0.0,10.0,616
スカート 横になる,https://physical-balance-lab.com/616/,0,1,0.0,10.0,616
スカート 歩いてると上がってくる,https://physical-balance-lab.com/616/,0,1,0.0,16.0,616
スカートが右に回る,https://physical-balance-lab.com/616/,0,14,0.0,10.071428571428571,616
スカートが回る原因,https://physical-balance-lab.com/616/,0,15,0.0,7.4,616
スカートが回る理由,https://physical-balance-lab.com/616/,0,2,0.0,10.0,616
スカートが左に回る,https://physical-balance-lab.com/616/,0,2,0.0,11.0,616
スカートゆるいときの対処法,https://physical-balance-lab.com/616/,0,1,0.0,5.0,616
スカートウエスト 詰める 手縫い 簡単,https://physical-balance-lab.com/616/,0,1,0.0,6.0,616
スカート回る,https://physical-balance-lab.com/616/,0,23,0.0,10.478260869565217,616
スカート回転,https://physical-balance-lab.com/616/,0,3,0.0,6.0,616
ストレッチ 30秒,https://physical-balance-lab.com/news/%E3%80%901%E3%82%B9%E3%83%88%E3%83%AC%E3%83%83%E3%83%8130%E7%A7%92%E3%81%AE%E3%81%99%E3%82%9D%E3%82%81%E3%80%91/,0,1,0.0,27.0,
ストレッチ30,https://physical-balance-lab.com/news/%E3%80%901%E3%82%B9%E3%83%88%E3%83%AC%E3%83%83%E3%83%8130%E7%A7%92%E3%81%AE%E3%81%99%E3%82%9D%E3%82%81%E3%80%91/,0,1,0.0,42.0,
ストレートネック 腹筋,https://physical-balance-lab.com/593/,0,3,0.0,99.66666666666667,593
スポーツ整体 名古屋,https://physical-balance-lab.com/,0,2,0.0,99.5,
スポーツ整体 愛知,https://physical-balance-lab.com/,0,3,0.0,91.0,
スーツ スカート 回る,https://physical-balance-lab.com/616/,0,1,0.0,46.0,616
ズキズキする,https://physical-balance-lab.com/1176/,0,1,0.0,1.0,1176
セルフケア,https://physical-balance-lab.com/1173/,0,1,0.0,1.0,1173
タバコ 吸い 過ぎ 背中 痛い,https://physical-balance-lab.com/317/,0,4,0.0,12.0,317
タバコ 肩甲骨 痛み,https://physical-balance-lab.com/317/,0,1,0.0,3.0,317
タバコ 背中 痛い 知恵袋,https://physical-balance-lab.com/317/,0,1,0.0,2.0,317
タバコ 背中の痛み,https://physical-balance-lab.com/317/,0,44,0.0,8.272727272727273,317
タバコ 首の 後ろ,https://physical-balance-lab.com/317/,0,1,0.0,10.0,317
タバコを吸うと背中が痛い,https://physical-balance-lab.com/317/,0,151,0.0,6.827814569536423,317
タバコ吸いすぎ 背中痛い,https://physical-balance-lab.com/317/,0,14,0.0,6.071428571428571,317
タバコ吸うと背中痛い,https://physical-balance-lab.com/317/,0,4,0.0,9.5,317
タバコ背中の痛み,https://physical-balance-lab.com/317/,0,62,0.0,10.548387096774194,317
タバコ背中痛い,https://physical-balance-lab.com/317/,0,32,0.0,9.375,317
テニス 左肩が痛い,https://physical-balance-lab.com/744/,0,4,0.0,10.0,744
テニス 肩 痛い,https://physical-balance-lab.com/744/,0,12,0.0,69.5,744
テニス 肩 痛み,https://physical-balance-lab.com/744/,0,1,0.0,71.0,744
テニス 肩の痛み,https://physical-balance-lab.com/744/,0,1,0.0,55.0,744
テニス 肩の痛み 原因,https://physical-balance-lab.com/744/,0,1,0.0,96.0,744
テニス 肩の痛み 治し方,https://physical-balance-lab.com/744/,0,1,0.0,30.0,744
テニス 肩痛い,https://physical-balance-lab.com/744/,0,1,0.0,70.0,744
テニスで肩が痛い,https://physical-balance-lab.com/744/,0,1,0.0,68.0,744
テニス肩,https://physical-balance-lab.com/744/,0,1,0.0,59.0,744
テニス肩とは,https://physical-balance-lab.com/744/,0,1,0.0,79.0,744
テニス肩の痛み,https://physical-balance-lab.com/744/,0,3,0.0,57.333333333333336,744
デスクワーク 右肩 痛い,https://physical-balance-lab.com/672/,0,12,0.0,37.583333333333336,672
デスクワーク 右肩が痛い,https://physical-balance-lab.com/672/,0,5,0.0,30.8,672
デスクワーク 右肩だけ痛い,https://physical-balance-lab.com/672/,0,1,0.0,15.0,672
デスクワーク 巻き肩,https://physical-balance-lab.com/709/,0,10,0.0,45.1,709
デスクワーク 巻き肩 予防,https://physical-balance-lab.com/709/,0,6,0.0,55.5,709
ノーブスメソッド 治療院,https://physical-balance-lab.com/about/,0,1,0.0,10.0,
バネラボ,https://physical-balance-lab.com/,0,1,0.0,39.0,
バネラボ,https://physical-balance-lab.com/about/,0,1,0.0,18.0,
バランス ラボ整骨院 リラク,https://physical-balance-lab.com/about/,0,1,0.0,37.0,
バランス ラボ整骨院 リラク,https://physical-balance-lab.com/for-newcomers/,0,10,0.0,31.7,
バランス ラボ整骨院 リラク,https://physical-balance-lab.com/news/,0,3,0.0,57.666666666666664,
バランス ラボ整骨院 リラク,https://physical-balance-lab.com/voice-1/,0,2,0.0,37.5,
バランス ラボ整骨院 杉並区阿佐谷南,https://physical-balance-lab.com/contact/,0,1,0.0,47.0,
バランスラボ 店舗,https://physical-balance-lab.com/,0,40,0.0,3.125,
バランスラボ整骨院,https://physical-balance-lab.com/,0,3,0.0,5.0,
バランス整体,https://physical-balance-lab.com/,0,3,0.0,9.666666666666666,
バランス整体院,https://physical-balance-lab.com/,0,4,0.0,11.25,
バランス能力評価,https://physical-balance-lab.com/1191/,0,1,0.0,10.0,1191
パイプ椅子 腰が痛い,https://physical-balance-lab.com/602/,0,15,0.0,1.0,602
パルス 電磁場 テラヘルツ,https://physical-balance-lab.com/441/,0,1,0.0,2.0,441
パルス磁場,https://physical-balance-lab.com/441/,0,2,0.0,3.0,441
パルス磁場とは,https://physical-balance-lab.com/441/,0,5,0.0,3.0,441
パルス磁場療法,https://physical-balance-lab.com/441/,0,1,0.0,18.0,441
パルス電磁場 テラヘルツ,https://physical-balance-lab.com/,0,1,0.0,4.0,
パルス電磁場 テラヘルツ,https://physical-balance-lab.com/441/,0,3,0.0,20.666666666666668,441
パルス電磁場とは,https://physical-balance-lab.com/,0,5,0.0,1.0,
パルス電磁場マット,https://physical-balance-lab.com/441/,0,11,0.0,29.09090909090909,441
パルス電磁場療法,https://physical-balance-lab.com/,0,16,0.0,1.0,
パルス電磁波,https://physical-balance-lab.com/441/,0,2,0.0,14.5,441
パルス電磁波とは,https://physical-balance-lab.com/441/,0,1,0.0,3.0,441
ファースト接骨院 八事日赤駅南院 リラク,https://physical-balance-lab.com/,0,4,0.0,36.25,
フィジカルバランスラボ整体院,https://physical-balance-lab.com/1137/,0,2,0.0,1.0,1137
フィジカルバランスラボ整体院,https://physical-balance-lab.com/703/,0,2,0.0,2.0,703
フィジカルバランスラボ整体院,https://physical-balance-lab.com/blog/,0,73,0.0,1.356164383561644,
フィジカルバランスラボ整体院,https://physical-balance-lab.com/contact/,0,52,0.0,1.2884615384615383,
フィジカルバランスラボ整体院,https://physical-balance-lab.com/news/,0,21,0.0,1.380952380952381,
フィジカルバランスラボ整体院,https://physical-balance-lab.com/vision/,0,74,0.0,1.4864864864864864,
プレイヤーでいたい,https://physical-balance-lab.com/744/,0,1,0.0,84.0,744
プレーリー コルセット,https://physical-balance-lab.com/965/,0,4,0.0,10.0,965
プレーリー 装具,https://physical-balance-lab.com/965/,0,2,0.0,29.0,965
プレーリーくん 値段,https://physical-balance-lab.com/965/,0,1,0.0,1.0,965
プレーリーくん 大人,https://physical-balance-lab.com/965/,0,1,0.0,6.0,965
プレーリーくん 装具,https://physical-balance-lab.com/965/,0,1,0.0,88.0,965
プレーリー君,https://physical-balance-lab.com/965/,0,1,0.0,86.0,965
プロンプト 体育座り,https://physical-balance-lab.com/1063/,0,1,0.0,5.0,1063
ヘルニア レントゲン 異常なし,https://physical-balance-lab.com/1002/,0,1,0.0,83.0,1002
ヘルニア 体育座り,https://physical-balance-lab.com/1063/,0,88,0.0,1.8295454545454546,1063
ヘルニア 初期,https://physical-balance-lab.com/467/,0,1,0.0,62.0,467
ヘルニア 初期 症状,https://physical-balance-lab.com/467/,0,25,0.0,74.64,467
ヘルニア 初期症状,https://physical-balance-lab.com/467/,0,26,0.0,71.23076923076923,467
ヘルニアの初期症状,https://physical-balance-lab.com/467/,0,1,0.0,63.0,467
ヘルニア初期,https://physical-balance-lab.com/467/,0,1,0.0,61.0,467
ヘルニア初期症状,https://physical-balance-lab.com/467/,0,3,0.0,80.0,467
ボキボキ整体,https://physical-balance-lab.com/,0,1,0.0,1.0,
ボストン ブレース,https://physical-balance-lab.com/965/,0,4,0.0,10.75,965
ボストン ブレース ミルウォーキー,https://physical-balance-lab.com/965/,0,15,0.0,1.0,965
ボストン ミルウォーキー 装具,https://physical-balance-lab.com/965/,0,32,0.0,1.03125,965
ボストン 装具,https://physical-balance-lab.com/965/,0,124,0.0,1.5161290322580645,965
ボストン 装具 ミルウォーキー,https://physical-balance-lab.com/965/,0,24,0.0,1.4583333333333333,965
ボストンブレース 装具,https://physical-balance-lab.com/965/,0,21,0.0,1.0,965
ボストンブレース 適応,https://physical-balance-lab.com/965/,0,9,0.0,2.2222222222222223,965
ボストンブレースとは,https://physical-balance-lab.com/965/,0,17,0.0,2.2941176470588234,965
ボストンブレーブス,https://physical-balance-lab.com/965/,0,1,0.0,2.0,965
ボストン型 装具,https://physical-balance-lab.com/965/,0,5,0.0,1.0,965
ボストン型装具,https://physical-balance-lab.com/965/,0,474,0.0,1.0063291139240507,965
ボストン型装具とは,https://physical-balance-lab.com/965/,0,7,0.0,1.0,965
ボストン装具 ミルウォーキー,https://physical-balance-lab.com/965/,0,23,0.0,1.7391304347826086,965
ボストン装具 適応,https://physical-balance-lab.com/965/,0,2,0.0,3.0,965
ボディメカニクス,https://physical-balance-lab.com/932/,0,27,0.0,36.96296296296296,932
ボディメカニクス と は 看護,https://physical-balance-lab.com/932/,0,714,0.0,31.27310924369748,932
ボディメカニクス とは,https://physical-balance-lab.com/932/,0,8,0.0,1.0,932
ボディメカニクス イラスト,https://physical-balance-lab.com/932/,0,1,0.0,52.0,932
ボディメカニクス ベッドの高さ,https://physical-balance-lab.com/932/,0,1,0.0,20.0,932
ボディメカニクス ポイント,https://physical-balance-lab.com/932/,0,1,0.0,41.0,932
ボディメカニクス 介護,https://physical-balance-lab.com/932/,0,1,0.0,13.0,932
ボディメカニクス 古い,https://physical-balance-lab.com/932/,0,5,0.0,32.2,932
ボディメカニクス 意味,https://physical-balance-lab.com/932/,0,27,0.0,45.55555555555556,932
ボディメカニクス 日常生活,https://physical-balance-lab.com/932/,0,8,0.0,18.375,932
ボディメカニクス 看護,https://physical-balance-lab.com/932/,0,405,0.0,39.35061728395062,932
ボディメカニクス 腰痛,https://physical-balance-lab.com/932/,0,1,0.0,37.0,932
ボディメカニクス 重心線,https://physical-balance-lab.com/932/,0,1,0.0,76.0,932
ボディメカニクスとは わかりやすく,https://physical-balance-lab.com/932/,0,1,0.0,30.0,932
ボディメカニクスとは 看護,https://physical-balance-lab.com/932/,0,9,0.0,31.666666666666668,932
ボディメカニクスとは 簡単に,https://physical-balance-lab.com/932/,0,12,0.0,32.41666666666667,932
ボディメカニクスを活用して,https://physical-balance-lab.com/932/,0,1,0.0,73.0,932
ボディメカニクス古い,https://physical-balance-lab.com/932/,0,3,0.0,55.333333333333336,932
ボディメカニズム,https://physical-balance-lab.com/932/,0,3,0.0,66.33333333333333,932
ボディーメカニクス,https://physical-balance-lab.com/932/,0,1,0.0,13.0,932
ボディーメカニクスとは,https://physical-balance-lab.com/932/,0,1,0.0,1.0,932
ミルウォーキー,https://physical-balance-lab.com/965/,0,10,0.0,4.2,965
ミルウォーキー どこの国,https://physical-balance-lab.com/965/,0,1,0.0,3.0,965
ミルウォーキー ツールボックス,https://physical-balance-lab.com/965/,0,1,0.0,6.0,965
ミルウォーキー ブレース,https://physical-balance-lab.com/965/,0,38,0.0,3.8684210526315788,965
ミルウォーキー ボストン 違い,https://physical-balance-lab.com/965/,0,141,0.0,2.595744680851064,965
ミルウォーキー 気温,https://physical-balance-lab.com/965/,0,1,0.0,3.0,965
ミルウォーキー 装具 適応,https://physical-balance-lab.com/965/,0,102,0.0,2.872549019607843,965
ミルウォーキーツール,https://physical-balance-lab.com/965/,0,4,0.0,2.75,965
ミルウォーキーブレース 適応,https://physical-balance-lab.com/965/,0,2,0.0,3.0,965
ミルウォーキー・ブレース,https://physical-balance-lab.com/965/,0,5,0.0,1.6,965
ミルウォーキー型,https://physical-balance-lab.com/965/,0,2,0.0,2.5,965
ミルウォーキー型装具,https://physical-balance-lab.com/965/,0,28,0.0,1.5714285714285714,965
ミルウォーキー装具 適応,https://physical-balance-lab.com/965/,0,238,0.0,3.138655462184874,965
ミルキーウォーキー,https://physical-balance-lab.com/965/,0,1,0.0,3.0,965
ラプレ 名古屋市中区松原,https://physical-balance-lab.com/,0,8,0.0,47.875,
レクサス 星ヶ丘,https://physical-balance-lab.com/,0,1,0.0,46.0,
レクサス星が丘,https://physical-balance-lab.com/,0,1,0.0,65.0,
レスト整体サロン 名古屋市名東区にじが丘,https://physical-balance-lab.com/,0,15,0.0,22.066666666666666,
レッグレイズ 腰が痛い,https://physical-balance-lab.com/995/,0,1,0.0,1.0,995
レットコード 施術,https://physical-balance-lab.com/,0,11,0.0,2.7272727272727275,
レットコード 施術,https://physical-balance-lab.com/about/,0,1,0.0,1.0,
レッド コード,https://physical-balance-lab.com/,0,1,0.0,35.0,
レッド コード,https://physical-balance-lab.com/for-newcomers/,0,1,0.0,68.0,
レッド コード 整体,https://physical-balance-lab.com/1569/,0,4,0.0,11.0,1569
レッド コード 整体,https://physical-balance-lab.com/703/,0,12,0.0,11.083333333333334,703
レッド コード 整体,https://physical-balance-lab.com/about-redcord/,0,6,0.0,4.333333333333334,
レッド コード 整体,https://physical-balance-lab.com/contact/,0,1,0.0,89.0,
レッド コード 整体,https://physical-balance-lab.com/for-newcomers/,0,12,0.0,14.5,
レッドカード 名古屋,https://physical-balance-lab.com/,0,1,0.0,3.0,
レッドコート 施術,https://physical-balance-lab.com/about/,0,1,0.0,12.0,
レッドコート施術,https://physical-balance-lab.com/,0,2,0.0,10.5,
レッドコード 京都,https://physical-balance-lab.com/about/,0,1,0.0,22.0,
レッドコード 値段,https://physical-balance-lab.com/,0,1,0.0,27.0,
レッドコード 名古屋,https://physical-balance-lab.com/703/,0,2,0.0,26.0,703
レッドコード 愛知県,https://physical-balance-lab.com/703/,0,6,0.0,1.0,703
レッドコード 手術,https://physical-balance-lab.com/about-redcord/,0,4,0.0,8.25,
レッドコード 整体,https://physical-balance-lab.com/1569/,0,29,0.0,5.655172413793103,1569
レッドコード 整体,https://physical-balance-lab.com/703/,0,181,0.0,11.281767955801104,703
レッドコード 整体,https://physical-balance-lab.com/about-redcord/,0,114,0.0,2.9912280701754383,
レッドコード 整体,https://physical-balance-lab.com/blog/,0,1,0.0,24.0,
レッドコード 整体,https://physical-balance-lab.com/contact/,0,1,0.0,86.0,
レッドコード 整体,https://physical-balance-lab.com/guidance/,0,21,0.0,7.904761904761905,
レッドコード 整体,https://physical-balance-lab.com/vision/,0,3,0.0,12.0,
レッドコード 整体 大阪,https://physical-balance-lab.com/about-redcord/,0,2,0.0,15.5,
レッドコード 整体 関西,https://physical-balance-lab.com/about/,0,1,0.0,9.0,
レッドコード 整体 関西,https://physical-balance-lab.com/for-newcomers/,0,1,0.0,1.0,
レッドコード 施術,https://physical-balance-lab.com/1569/,0,6,0.0,1.0,1569
レッドコード 施術,https://physical-balance-lab.com/703/,0,3,0.0,1.0,703
レッドコード 施術,https://physical-balance-lab.com/about-redcord/,0,2,0.0,30.0,
レッドコード 施術,https://physical-balance-lab.com/for-newcomers/,0,29,0.0,1.0,
レッドコード 施術,https://physical-balance-lab.com/guidance/,0,1,0.0,17.0,
レッドコード 施術 店舗,https://physical-balance-lab.com/,0,4,0.0,3.0,
レッドコード 施術 店舗,https://physical-balance-lab.com/about/,0,1,0.0,10.0,
レッドコード 施術 費用,https://physical-balance-lab.com/,0,3,0.0,11.0,
レッドコード 施術所,https://physical-balance-lab.com/about-redcord/,0,20,0.0,1.0,
レッドコード 施術所,https://physical-balance-lab.com/about/,0,8,0.0,9.75,
レッドコード 施術所,https://physical-balance-lab.com/for-newcomers/,0,10,0.0,8.4,
レッドコード 東京,https://physical-balance-lab.com/,0,1,0.0,40.0,
レッドコード 治療,https://physical-balance-lab.com/,0,17,0.0,1.8823529411764706,
レッドコード 無重力,https://physical-balance-lab.com/,0,1,0.0,4.0,
レッドコード 病院,https://physical-balance-lab.com/,0,1,0.0,11.0,
レッドコード 腰痛,https://physical-balance-lab.com/1569/,0,1,0.0,12.0,1569
レッドコードせじゅつ,https://physical-balance-lab.com/for-newcomers/,0,4,0.0,1.0,
レッドコードセジュツ 名古屋,https://physical-balance-lab.com/,0,55,0.0,1.7818181818181817,
レッドコードセジュツ 名古屋,https://physical-balance-lab.com/about/,0,53,0.0,6.39622641509434,
レッドコード整体,https://physical-balance-lab.com/1569/,0,12,0.0,12.916666666666666,1569
レッドコード整体,https://physical-balance-lab.com/703/,0,9,0.0,12.333333333333334,703
レッドコード整体,https://physical-balance-lab.com/about-redcord/,0,16,0.0,7.5625,
レッドコード整体,https://physical-balance-lab.com/about/,0,41,0.0,9.24390243902439,
レッドコード整体,https://physical-balance-lab.com/contact/,0,1,0.0,78.0,
レッドコード整体,https://physical-balance-lab.com/for-newcomers/,0,22,0.0,17.045454545454547,
レッドコード整体,https://physical-balance-lab.com/guidance/,0,1,0.0,1.0,
レッドコード整体,https://physical-balance-lab.com/vision/,0,3,0.0,18.666666666666668,
レッドコード施術,https://physical-balance-lab.com/1569/,0,16,0.0,1.1875,1569
レッドコード施術,https://physical-balance-lab.com/about-redcord/,0,28,0.0,4.107142857142858,
レッドコード施術,https://physical-balance-lab.com/blog/,0,11,0.0,20.454545454545453,
レッドコード施術,https://physical-balance-lab.com/news/,0,1,0.0,18.0,
レッドコード施術 値段,https://physical-balance-lab.com/,0,2,0.0,7.5,
レッドコード施術 名古屋,https://physical-balance-lab.com/703/,0,3,0.0,1.0,703
レッドコード施術 名古屋,https://physical-balance-lab.com/about/,0,28,0.0,4.178571428571429,
レッドコード施術 名古屋,https://physical-balance-lab.com/vision/,0,3,0.0,1.6666666666666665,
レッドコード施術 愛知県,https://physical-balance-lab.com/1569/,0,1,0.0,27.0,1569
レッドコード施術 愛知県,https://physical-balance-lab.com/about/,0,6,0.0,11.0,
レッドコード施術 関西,https://physical-balance-lab.com/about/,0,8,0.0,3.625,
レッドコード施術とは,https://physical-balance-lab.com/,0,3,0.0,1.0,
レッドコード施術とは,https://physical-balance-lab.com/1569/,0,2,0.0,1.0,1569
レッドコード施術とは,https://physical-balance-lab.com/about-redcord/,0,7,0.0,7.571428571428571,
レッドコード施術とは,https://physical-balance-lab.com/for-newcomers/,0,1,0.0,1.0,
レッドコード施術所,https://physical-balance-lab.com/about-redcord/,0,14,0.0,1.0,
レッドコード施術所,https://physical-balance-lab.com/about/,0,24,0.0,4.416666666666666,
レッドコード施術所,https://physical-balance-lab.com/for-newcomers/,0,5,0.0,6.8,
レッドコード治療,https://physical-balance-lab.com/,0,2,0.0,3.0,
レッドコード背術,https://physical-balance-lab.com/,0,9,0.0,5.0,
レッドコード背術,https://physical-balance-lab.com/for-newcomers/,0,1,0.0,1.0,
レッドコード背術,https://physical-balance-lab.com/guidance/,0,1,0.0,19.0,
レッドロック 名古屋,https://physical-balance-lab.com/,0,1,0.0,5.0,
レッドロープ 整体,https://physical-balance-lab.com/about/,0,1,0.0,9.0,
レントゲン 腰椎,https://physical-balance-lab.com/1002/,0,1,0.0,95.0,1002
三角座り 腰が痛い,https://physical-balance-lab.com/1063/,0,65,0.0,11.492307692307692,1063
三角座り 腰痛,https://physical-balance-lab.com/1063/,0,7,0.0,12.428571428571429,1063
上 を 向く と 首 が 痛い,https://physical-balance-lab.com/612/,0,5,0.0,74.6,612
上を向く,https://physical-balance-lab.com/612/,0,5,0.0,54.8,612
上を向く ストレッチ,https://physical-balance-lab.com/612/,0,1,0.0,62.0,612
上を向くと首が痛い,https://physical-balance-lab.com/612/,0,23,0.0,72.8695652173913,612
上を向くと首が痛い 治し方,https://physical-balance-lab.com/612/,0,5,0.0,80.6,612
上を向くと首が突っ張る,https://physical-balance-lab.com/612/,0,1,0.0,17.0,612
上を向くと首が詰まる,https://physical-balance-lab.com/1074/,0,1,0.0,101.0,1074
上を向くと首と肩が痛い,https://physical-balance-lab.com/612/,0,1,0.0,101.0,612
上を向くと首の後ろ 痛い,https://physical-balance-lab.com/612/,0,1,0.0,58.0,612
上を向くと首の後ろが痛い,https://physical-balance-lab.com/612/,0,1,0.0,62.0,612
上を向くと首の後ろが詰まる,https://physical-balance-lab.com/612/,0,4,0.0,1.0,612
上を向くと首痛い,https://physical-balance-lab.com/612/,0,1,0.0,78.0,612
上体起こし 首が痛い,https://physical-balance-lab.com/593/,0,22,0.0,9.318181818181818,593
上体起こし 首痛い,https://physical-balance-lab.com/593/,0,24,0.0,9.708333333333334,593
上向くと首が詰まる,https://physical-balance-lab.com/612/,0,14,0.0,10.071428571428571,612
中村区 腰痛,https://physical-balance-lab.com/,0,1,0.0,61.0,
中殿筋 大腿筋膜張筋,https://physical-balance-lab.com/1176/,0,1,0.0,5.0,1176
久屋大通 整体,https://physical-balance-lab.com/,0,2,0.0,43.0,
五十肩にならないために,https://physical-balance-lab.com/guidance/gojukata-4/,0,1,0.0,52.0,
交通事故 整骨院 星ヶ丘駅,https://physical-balance-lab.com/1515/,0,1,0.0,79.0,1515
人体,https://physical-balance-lab.com/1171/,0,1,0.0,1.0,1171
今村宜滉,https://physical-balance-lab.com/about/,0,1,0.0,17.0,
介護 腰痛予防 ボディメカニクス,https://physical-balance-lab.com/932/,0,29,0.0,42.241379310344826,932
仙骨 5個,https://physical-balance-lab.com/1150/,0,1,0.0,92.0,1150
仙骨 出っ張り 痛い,https://physical-balance-lab.com/1150/,0,1,0.0,88.0,1150
仙骨は何個,https://physical-balance-lab.com/1150/,0,1,0.0,100.0,1150
体 歪み 整体,https://physical-balance-lab.com/1055/,0,1,0.0,68.0,1055
体がねじれる,https://physical-balance-lab.com/744/,0,1,0.0,88.0,744
体をかがめる,https://physical-balance-lab.com/932/,0,1,0.0,97.0,932
体操座り よくない,https://physical-balance-lab.com/1063/,0,3,0.0,1.0,1063
体操座り プロンプト,https://physical-balance-lab.com/1063/,0,1,0.0,3.0,1063
体操座り 腰が痛い,https://physical-balance-lab.com/1063/,0,140,0.0,9.985714285714286,1063
体操座り 腰痛,https://physical-balance-lab.com/1063/,0,6,0.0,12.666666666666666,1063
体操座りすると腰が痛い,https://physical-balance-lab.com/1063/,0,19,0.0,10.578947368421053,1063
体育 座り 体 に 悪い,https://physical-balance-lab.com/1063/,0,1,0.0,34.0,1063
体育 座り 腰 が 痛い,https://physical-balance-lab.com/1063/,0,2,0.0,11.5,1063
体育 座り 腰痛 ストレッチ,https://physical-balance-lab.com/1063/,0,1,0.0,36.0,1063
体育すわり プロンプト,https://physical-balance-lab.com/1063/,0,3,0.0,3.0,1063
体育座り,https://physical-balance-lab.com/1063/,0,5,0.0,1.0,1063
体育座り おなら 止める方法,https://physical-balance-lab.com/1063/,0,1,0.0,25.0,1063
体育座り プロンプト,https://physical-balance-lab.com/1063/,0,12,0.0,4.666666666666666,1063
体育座り メリット デメリット,https://physical-balance-lab.com/1063/,0,2,0.0,11.5,1063
体育座り 体に悪い,https://physical-balance-lab.com/1063/,0,13,0.0,3.5384615384615383,1063
体育座り 体に悪い 論文,https://physical-balance-lab.com/1063/,0,1,0.0,22.0,1063
体育座り 体への影響,https://physical-balance-lab.com/1063/,0,4,0.0,1.0,1063
体育座り 効果,https://physical-balance-lab.com/1063/,0,24,0.0,6.916666666666667,1063
体育座り 姿勢,https://physical-balance-lab.com/1063/,0,15,0.0,10.2,1063
体育座り 姿勢 説明,https://physical-balance-lab.com/1063/,0,5,0.0,9.4,1063
体育座り 学校,https://physical-balance-lab.com/1063/,0,1,0.0,16.0,1063
体育座り 廃止,https://physical-balance-lab.com/1063/,0,1,0.0,3.0,1063
体育座り 悪い,https://physical-balance-lab.com/1063/,0,1,0.0,48.0,1063
体育座り 正しい姿勢,https://physical-balance-lab.com/1063/,0,2,0.0,7.0,1063
体育座り 痛い,https://physical-balance-lab.com/1063/,0,10,0.0,10.5,1063
体育座り 痛くならない方法,https://physical-balance-lab.com/1063/,0,3,0.0,10.333333333333334,1063
体育座り 腰,https://physical-balance-lab.com/1063/,0,102,0.0,10.27450980392157,1063
体育座り 腰が痛い 知恵袋,https://physical-balance-lab.com/1063/,0,2,0.0,7.5,1063
体育座り 腰痛 リハビリ,https://physical-balance-lab.com/1063/,0,3,0.0,11.666666666666666,1063
体育座り 腰痛原因,https://physical-balance-lab.com/1063/,0,44,0.0,9.954545454545455,1063
体育座り 長時間,https://physical-balance-lab.com/1063/,0,3,0.0,12.666666666666666,1063
体育座りがきつい,https://physical-balance-lab.com/1063/,0,3,0.0,1.0,1063
体育座りが楽,https://physical-balance-lab.com/1063/,0,4,0.0,1.0,1063
体育座りすると腰が痛い,https://physical-balance-lab.com/1063/,0,274,0.0,10.667883211678832,1063
体育座りは体に悪い,https://physical-balance-lab.com/1063/,0,1,0.0,65.0,1063
体育座りをすると腰が痛い,https://physical-balance-lab.com/1063/,0,11,0.0,13.363636363636363,1063
体育座りデメリット,https://physical-balance-lab.com/1063/,0,1,0.0,1.0,1063
体育座りメリット,https://physical-balance-lab.com/1063/,0,6,0.0,9.5,1063
体育座り体に悪い,https://physical-balance-lab.com/1063/,0,2,0.0,1.0,1063
体育座り悪い,https://physical-balance-lab.com/1063/,0,1,0.0,59.0,1063
体育座り痛い,https://physical-balance-lab.com/1063/,0,5,0.0,10.8,1063
体育座り腰が痛い,https://physical-balance-lab.com/1063/,0,43,0.0,10.069767441860465,1063
何ミリ？,https://physical-balance-lab.com/1055/,0,1,0.0,3.0,1055
側 弯症 ぶら下がり 効果,https://physical-balance-lab.com/1142/,0,1,0.0,37.0,1142
側 弯症 ぶら下がり 効果,https://physical-balance-lab.com/1171/,0,39,0.0,12.35897435897436,1171
側 弯症 ぶら下がり 効果,https://physical-balance-lab.com/804/,0,3,0.0,42.666666666666664,804
側 弯症 ぶら下がり 効果,https://physical-balance-lab.com/976/,0,1,0.0,31.0,976
側 弯症 やってはいけない こと,https://physical-balance-lab.com/1101/,0,1,0.0,1.0,1101
側 弯症 やってはいけない こと,https://physical-balance-lab.com/976/,0,1,0.0,3.0,976
側 弯症 やってはいけない ストレッチ,https://physical-balance-lab.com/1101/,0,27,0.0,43.48148148148148,1101
側 弯症 やってはいけない スポーツ,https://physical-balance-lab.com/1182/,0,2,0.0,3.0,1182
側 弯症 コルセット 種類,https://physical-balance-lab.com/965/,0,9,0.0,10.777777777777779,965
側 弯症 ストレッチ,https://physical-balance-lab.com/1101/,0,7,0.0,17.857142857142858,1101
側 弯症 ストレッチ やり方,https://physical-balance-lab.com/1101/,0,2,0.0,20.5,1101
側 弯症 ストレッチで 治る,https://physical-balance-lab.com/1101/,0,2,0.0,56.5,1101
側 弯症 ボルト 手術,https://physical-balance-lab.com/976/,0,2,0.0,3.0,976
側 弯症 リハビリ,https://physical-balance-lab.com/1191/,0,2,0.0,61.0,1191
側 弯症 体 幹 トレーニング,https://physical-balance-lab.com/1191/,0,1,0.0,35.0,1191
側 弯症 呼吸障害,https://physical-balance-lab.com/1191/,0,1,0.0,84.0,1191
側 弯症 手術,https://physical-balance-lab.com/976/,0,2,0.0,4.0,976
側 弯症 手術 デメリット,https://physical-balance-lab.com/976/,0,5,0.0,16.0,976
側 弯症 手術 ボルト 抜く 知恵袋,https://physical-balance-lab.com/976/,0,3,0.0,3.0,976
側 弯症 手術 リスク,https://physical-balance-lab.com/976/,0,1,0.0,12.0,976
側 弯症 手術 傷跡,https://physical-balance-lab.com/976/,0,1,0.0,30.0,976
側 弯症 手術 名医,https://physical-balance-lab.com/976/,0,2,0.0,4.0,976
側 弯症 手術 失敗 例,https://physical-balance-lab.com/976/,0,5,0.0,4.0,976
側 弯症 手術 子供,https://physical-balance-lab.com/976/,0,1,0.0,3.0,976
側 弯症 手術 後,https://physical-balance-lab.com/976/,0,14,0.0,13.142857142857142,976
側 弯症 手術 後 トイレ,https://physical-balance-lab.com/976/,0,1,0.0,4.0,976
側 弯症 手術 後悔,https://physical-balance-lab.com/976/,0,26,0.0,12.346153846153847,976
側 弯症 手術 後遺症 ブログ,https://physical-balance-lab.com/976/,0,17,0.0,6.9411764705882355,976
側 弯症 手術 成功率,https://physical-balance-lab.com/976/,0,2,0.0,4.0,976
側 弯症 手術 死亡率 知恵袋,https://physical-balance-lab.com/976/,0,1,0.0,5.0,976
側 弯症 手術後 できない こと 知恵袋,https://physical-balance-lab.com/976/,0,1,0.0,4.0,976
側 弯症 手術後 トイレ,https://physical-balance-lab.com/976/,0,2,0.0,4.5,976
側 弯症 手術後 リハビリ 期間,https://physical-balance-lab.com/976/,0,1,0.0,4.0,976
側 弯症 整体,https://physical-balance-lab.com/,0,1,0.0,72.0,
側 弯症 整体 名古屋,https://physical-balance-lab.com/,0,2,0.0,14.5,
側 弯症 痛み,https://physical-balance-lab.com/976/,0,3,0.0,59.333333333333336,976
側 弯症 痛み 和らげる,https://physical-balance-lab.com/1191/,0,1,0.0,22.0,1191
側 弯症 筋肉の 張り,https://physical-balance-lab.com/1171/,0,4,0.0,4.5,1171
側 弯症 背中 の 痛み,https://physical-balance-lab.com/976/,0,1,0.0,72.0,976
側 弯症 背中の 痛み ストレッチ,https://physical-balance-lab.com/1101/,0,2,0.0,21.5,1101
側 弯症 背中の 痛み 改善,https://physical-balance-lab.com/976/,0,1,0.0,3.0,976
側 弯症 腰痛,https://physical-balance-lab.com/770/,0,2,0.0,67.5,770
側 弯症 腰痛,https://physical-balance-lab.com/779/,0,6,0.0,57.5,779
側 弯症 腰痛 ストレッチ,https://physical-balance-lab.com/1101/,0,1,0.0,45.0,1101
側 弯症 腰痛 激痛,https://physical-balance-lab.com/779/,0,1,0.0,72.0,779
側 弯症 術後 やってはいけない こと,https://physical-balance-lab.com/976/,0,1,0.0,3.0,976
側 弯症 装具,https://physical-balance-lab.com/965/,0,1,0.0,24.0,965
側 弯症 装具 ボストン,https://physical-balance-lab.com/965/,0,29,0.0,2.1724137931034484,965
側 弯症 装具 ミルウォーキー,https://physical-balance-lab.com/965/,0,5,0.0,1.0,965
側 弯症 装具 大人,https://physical-balance-lab.com/965/,0,10,0.0,12.9,965
側 弯症 高齢者 ストレッチ,https://physical-balance-lab.com/1101/,0,8,0.0,19.875,1101
側 弯症 高齢者 リハビリ,https://physical-balance-lab.com/1191/,0,2,0.0,39.5,1191
側 弯症 高齢者 手術,https://physical-balance-lab.com/976/,0,1,0.0,4.0,976
側弯 ストレッチ,https://physical-balance-lab.com/1101/,0,2,0.0,2.5,1101
側弯ストレッチ,https://physical-balance-lab.com/1101/,0,2,0.0,18.0,1101
側弯体操 やり方,https://physical-balance-lab.com/1101/,0,1,0.0,41.0,1101
側弯体操 やり方,https://physical-balance-lab.com/1176/,0,1,0.0,97.0,1176
側弯症,https://physical-balance-lab.com/1182/,0,1,0.0,3.0,1182
側弯症,https://physical-balance-lab.com/976/,0,1,0.0,3.0,976
側弯症 70代,https://physical-balance-lab.com/guidance_category/sokuwanshou/,0,1,0.0,45.0,
側弯症 つらい,https://physical-balance-lab.com/976/,0,1,0.0,15.0,976
側弯症 どっちに曲がる,https://physical-balance-lab.com/779/,0,1,0.0,21.0,779
側弯症 ぶら下がり,https://physical-balance-lab.com/1101/,0,1,0.0,23.0,1101
側弯症 ぶら下がり,https://physical-balance-lab.com/1171/,0,3,0.0,14.0,1171
側弯症 ぶら下がり,https://physical-balance-lab.com/1173/,0,2,0.0,1.0,1173
側弯症 ぶら下がり,https://physical-balance-lab.com/1182/,0,1,0.0,46.0,1182
側弯症 ぶら下がり,https://physical-balance-lab.com/1191/,0,1,0.0,50.0,1191
側弯症 ぶら下がり 効果,https://physical-balance-lab.com/1171/,0,7,0.0,13.0,1171
側弯症 ぶら下がり 効果,https://physical-balance-lab.com/1191/,0,3,0.0,19.666666666666668,1191
側弯症 ぶら下がり 効果,https://physical-balance-lab.com/804/,0,3,0.0,34.666666666666664,804
側弯症 ぶら下がり 効果,https://physical-balance-lab.com/976/,0,2,0.0,27.0,976
側弯症 ぶら下がり 効果,https://physical-balance-lab.com/990/,0,1,0.0,15.0,990
側弯症 やってはいけないストレッチ,https://physical-balance-lab.com/1101/,0,25,0.0,53.24,1101
側弯症 ウォーキング,https://physical-balance-lab.com/1191/,0,8,0.0,12.75,1191
側弯症 カーブパターン,https://physical-balance-lab.com/965/,0,2,0.0,3.0,965
側弯症 コルセット,https://physical-balance-lab.com/965/,0,4,0.0,1.0,965
側弯症 コルセット 効果,https://physical-balance-lab.com/965/,0,2,0.0,29.0,965
側弯症 コルセット 種類,https://physical-balance-lab.com/965/,0,16,0.0,7.625,965
側弯症 ストレス,https://physical-balance-lab.com/guidance/sokuwanshou-4/,0,2,0.0,41.0,
側弯症 ストレッチ,https://physical-balance-lab.com/1101/,0,167,0.0,7.562874251497006,1101
側弯症 ストレッチ やり方,https://physical-balance-lab.com/1101/,0,2,0.0,24.5,1101
側弯症 ストレッチ 効果,https://physical-balance-lab.com/1101/,0,2,0.0,31.0,1101
側弯症 ストレッチ動画,https://physical-balance-lab.com/1173/,0,1,0.0,79.0,1173
側弯症 デメリット,https://physical-balance-lab.com/965/,0,1,0.0,45.0,965
側弯症 ブログ,https://physical-balance-lab.com/,0,1,0.0,31.0,
側弯症 ボストン装具,https://physical-balance-lab.com/965/,0,3,0.0,13.0,965
側弯症 ミルウォーキー,https://physical-balance-lab.com/965/,0,89,0.0,1.5393258426966292,965
側弯症 リハビリ,https://physical-balance-lab.com/1191/,0,1,0.0,27.0,1191
側弯症 体操 やり方,https://physical-balance-lab.com/1101/,0,1,0.0,36.0,1101
側弯症 体操 やり方,https://physical-balance-lab.com/1176/,0,1,0.0,61.0,1176
側弯症 原因,https://physical-balance-lab.com/1182/,0,2,0.0,2.5,1182
側弯症 右側弯,https://physical-balance-lab.com/1171/,0,1,0.0,74.0,1171
側弯症 器具,https://physical-balance-lab.com/965/,0,2,0.0,10.0,965
側弯症 姿勢が悪い,https://physical-balance-lab.com/guidance/sokuwanshou-1/,0,1,0.0,99.0,
側弯症 寝る向き,https://physical-balance-lab.com/1055/,0,1,0.0,56.0,1055
側弯症 寿命,https://physical-balance-lab.com/976/,0,1,0.0,4.0,976
側弯症 後遺症,https://physical-balance-lab.com/976/,0,1,0.0,7.0,976
側弯症 手術,https://physical-balance-lab.com/1173/,0,1,0.0,1.0,1173
側弯症 手術,https://physical-balance-lab.com/976/,0,12,0.0,3.5,976
側弯症 手術 ボルト,https://physical-balance-lab.com/976/,0,1,0.0,79.0,976
側弯症 手術 リスク,https://physical-balance-lab.com/976/,0,1,0.0,11.0,976
側弯症 手術 何時間,https://physical-balance-lab.com/976/,0,1,0.0,3.0,976
側弯症 手術 入院期間,https://physical-balance-lab.com/976/,0,2,0.0,3.0,976
側弯症 手術 失敗,https://physical-balance-lab.com/976/,0,2,0.0,4.0,976
側弯症 手術 後悔,https://physical-balance-lab.com/976/,0,11,0.0,28.181818181818183,976
側弯症 手術 痛い,https://physical-balance-lab.com/976/,0,4,0.0,12.5,976
側弯症 手術 痛み 知恵袋,https://physical-balance-lab.com/976/,0,2,0.0,17.5,976
側弯症 手術 術後,https://physical-balance-lab.com/976/,0,1,0.0,32.0,976
側弯症 手術 費用,https://physical-balance-lab.com/976/,0,1,0.0,3.0,976
側弯症 手術後 リハビリ期間,https://physical-balance-lab.com/976/,0,2,0.0,54.5,976
側弯症 手術後 後悔,https://physical-balance-lab.com/976/,0,43,0.0,69.11627906976744,976
側弯症 手術後 生活,https://physical-balance-lab.com/976/,0,5,0.0,23.0,976
側弯症 手術後 痛み,https://physical-balance-lab.com/976/,0,12,0.0,12.333333333333334,976
側弯症 手術後 痛み 知恵袋,https://physical-balance-lab.com/976/,0,3,0.0,15.666666666666666,976
側弯症 手術後 腰痛い,https://physical-balance-lab.com/976/,0,6,0.0,10.0,976
側弯症 手術方法,https://physical-balance-lab.com/976/,0,1,0.0,3.0,976
側弯症 手術跡,https://physical-balance-lab.com/976/,0,2,0.0,3.0,976
側弯症 改善 ストレッチ,https://physical-balance-lab.com/1101/,0,1,0.0,50.0,1101
側弯症 改善 ストレッチ,https://physical-balance-lab.com/1171/,0,1,0.0,95.0,1171
側弯症 整体,https://physical-balance-lab.com/,0,5,0.0,12.2,
側弯症 椅子の座り方,https://physical-balance-lab.com/1176/,0,1,0.0,5.0,1176
側弯症 椅子の座り方,https://physical-balance-lab.com/602/,0,1,0.0,5.0,602
側弯症 正式名称,https://physical-balance-lab.com/965/,0,1,0.0,4.0,965
側弯症 歩けない,https://physical-balance-lab.com/1182/,0,1,0.0,3.0,1182
側弯症 歩行,https://physical-balance-lab.com/1182/,0,16,0.0,10.75,1182
側弯症 歩行 特徴,https://physical-balance-lab.com/1182/,0,12,0.0,11.0,1182
側弯症 歩行障害,https://physical-balance-lab.com/1182/,0,2,0.0,20.5,1182
側弯症 漢字,https://physical-balance-lab.com/965/,0,1,0.0,3.0,965
側弯症 痛い,https://physical-balance-lab.com/976/,0,1,0.0,9.0,976
側弯症 痛み,https://physical-balance-lab.com/976/,0,1,0.0,30.0,976
側弯症 矯正器具,https://physical-balance-lab.com/965/,0,2,0.0,1.0,965
側弯症 確かめ方,https://physical-balance-lab.com/1549/,0,1,0.0,86.0,1549
側弯症 立ち仕事,https://physical-balance-lab.com/1122/,0,1,0.0,62.0,1122
側弯症 筋力低下,https://physical-balance-lab.com/1171/,0,3,0.0,15.333333333333334,1171
側弯症 筋肉,https://physical-balance-lab.com/1176/,0,1,0.0,13.0,1176
側弯症 筋肉,https://physical-balance-lab.com/980/,0,2,0.0,48.0,980
側弯症 筋肉 バランス,https://physical-balance-lab.com/1176/,0,1,0.0,1.0,1176
側弯症 筋肉 バランス,https://physical-balance-lab.com/1191/,0,4,0.0,1.0,1191
側弯症 筋肉の張り,https://physical-balance-lab.com/1171/,0,14,0.0,3.142857142857143,1171
側弯症 股関節,https://physical-balance-lab.com/1176/,0,19,0.0,4.7368421052631575,1176
側弯症 肩の高さ,https://physical-balance-lab.com/976/,0,1,0.0,3.0,976
側弯症 肩甲骨痛い,https://physical-balance-lab.com/976/,0,1,0.0,35.0,976
側弯症 脇腹 痛み,https://physical-balance-lab.com/guidance/sokuwanshou-3/,0,1,0.0,56.0,
側弯症 腰の痛み,https://physical-balance-lab.com/770/,0,4,0.0,80.75,770
側弯症 腰痛,https://physical-balance-lab.com/779/,0,1,0.0,37.0,779
側弯症 腰痛 ストレッチ,https://physical-balance-lab.com/1122/,0,1,0.0,49.0,1122
側弯症 腰痛 ストレッチ,https://physical-balance-lab.com/1191/,0,1,0.0,78.0,1191
側弯症 腰痛 治し方,https://physical-balance-lab.com/779/,0,1,0.0,61.0,779
側弯症 腰痛い,https://physical-balance-lab.com/770/,0,1,0.0,84.0,770
側弯症 腰痛い,https://physical-balance-lab.com/779/,0,1,0.0,43.0,779
側弯症 膝の痛み,https://physical-balance-lab.com/1159/,0,1,0.0,22.0,1159
側弯症 術後 やってはいけないこと,https://physical-balance-lab.com/976/,0,1,0.0,18.0,976
側弯症 術後 肩こり,https://physical-balance-lab.com/976/,0,3,0.0,19.333333333333332,976
側弯症 術後 腰痛,https://physical-balance-lab.com/976/,0,6,0.0,14.5,976
側弯症 装具,https://physical-balance-lab.com/965/,0,10,0.0,11.9,965
側弯症 装具 ボストン,https://physical-balance-lab.com/965/,0,5,0.0,4.4,965
側弯症 足を組む,https://physical-balance-lab.com/610/,0,1,0.0,25.0,610
側弯症 運動制限,https://physical-balance-lab.com/1173/,0,1,0.0,66.0,1173
側弯症 骨盤の歪み,https://physical-balance-lab.com/1176/,0,23,0.0,8.434782608695652,1176
側弯症 骨盤矯正,https://physical-balance-lab.com/965/,0,1,0.0,1.0,965
側弯症 高齢者 ストレッチ,https://physical-balance-lab.com/1101/,0,3,0.0,25.333333333333332,1101
側弯症とは,https://physical-balance-lab.com/1182/,0,2,0.0,3.0,1182
側弯症による腰痛,https://physical-balance-lab.com/779/,0,1,0.0,50.0,779
側弯症に効くストレッチ,https://physical-balance-lab.com/1122/,0,1,0.0,47.0,1122
側弯症のストレッチ,https://physical-balance-lab.com/1101/,0,4,0.0,6.75,1101
側弯症のストレッチ,https://physical-balance-lab.com/1171/,0,1,0.0,68.0,1171
側弯症の手術とは,https://physical-balance-lab.com/976/,0,1,0.0,2.0,976
側弯症ストレッチ,https://physical-balance-lab.com/1101/,0,20,0.0,6.75,1101
側弯症ストレッチ,https://physical-balance-lab.com/1171/,0,1,0.0,99.0,1171
側弯症ラボ,https://physical-balance-lab.com/1191/,0,21,0.0,11.285714285714286,1191
側弯症ラボ,https://physical-balance-lab.com/965/,0,1,0.0,13.0,965
側弯症手術,https://physical-balance-lab.com/976/,0,2,0.0,3.5,976
側弯症手術 費用,https://physical-balance-lab.com/976/,0,1,0.0,3.0,976
側弯症手術後,https://physical-balance-lab.com/976/,0,43,0.0,1.4186046511627908,976
側弯症歩き方,https://physical-balance-lab.com/1182/,0,6,0.0,3.8333333333333335,1182
側弯症治療,https://physical-balance-lab.com/1182/,0,1,0.0,3.0,1182
側弯症腰が痛い,https://physical-balance-lab.com/1150/,0,1,0.0,73.0,1150
側弯症腰痛,https://physical-balance-lab.com/770/,0,1,0.0,69.0,770
側弯症腰痛,https://physical-balance-lab.com/779/,0,2,0.0,37.5,779
側弯矯正装具,https://physical-balance-lab.com/965/,0,9,0.0,1.0,965
側弯筋,https://physical-balance-lab.com/1171/,0,10,0.0,11.2,1171
側湾 手術,https://physical-balance-lab.com/976/,0,1,0.0,3.0,976
側湾 装具,https://physical-balance-lab.com/965/,0,2,0.0,1.0,965
側湾手術後,https://physical-balance-lab.com/976/,0,6,0.0,3.6666666666666665,976
側湾症,https://physical-balance-lab.com/976/,0,1,0.0,3.0,976
側湾症 ストレッチ,https://physical-balance-lab.com/1101/,0,22,0.0,1.0,1101
側湾症 リハビリ,https://physical-balance-lab.com/1191/,0,1,0.0,23.0,1191
側湾症 手術,https://physical-balance-lab.com/976/,0,12,0.0,3.25,976
側湾症 手術時間,https://physical-balance-lab.com/976/,0,1,0.0,2.0,976
側湾症 痛み,https://physical-balance-lab.com/976/,0,1,0.0,67.0,976
側湾症 股関節 痛み,https://physical-balance-lab.com/1176/,0,7,0.0,2.428571428571429,1176
側湾症 装具,https://physical-balance-lab.com/965/,0,1,0.0,8.0,965
側湾症ストレッチ,https://physical-balance-lab.com/1101/,0,2,0.0,1.0,1101
側湾症ラボ,https://physical-balance-lab.com/1171/,0,1,0.0,11.0,1171
側湾症ラボ,https://physical-balance-lab.com/1173/,0,4,0.0,11.25,1173
側湾症ラボ,https://physical-balance-lab.com/980/,0,19,0.0,10.157894736842104,980
側湾症手術,https://physical-balance-lab.com/976/,0,3,0.0,3.0,976
側湾症手術のデメリットは,https://physical-balance-lab.com/976/,0,5,0.0,1.4,976
側湾症手術後,https://physical-balance-lab.com/976/,0,16,0.0,2.5625,976
側湾症手術後 腰痛から気持ち悪くなる,https://physical-balance-lab.com/976/,0,8,0.0,9.25,976
側湾症手術後の生活,https://physical-balance-lab.com/976/,0,2,0.0,10.0,976
先天性側弯症 手術,https://physical-balance-lab.com/976/,0,1,0.0,4.0,976
八草駅 整体,https://physical-balance-lab.com/,0,1,0.0,52.0,
冬 腰痛,https://physical-balance-lab.com/news/%E3%80%90%E5%86%AC%E3%81%AE%E8%85%B0%E7%97%9B%E5%AF%BE%E7%AD%96%E3%81%A7%E3%82%84%E3%81%A3%E3%81%A6%E3%81%AF%E3%81%84%E3%81%91%E3%81%AA%E3%81%843%E3%81%A4%E3%81%AE%E3%81%93%E3%81%A8%E3%80%91/,0,7,0.0,77.28571428571429,
冬 腰痛 悪化,https://physical-balance-lab.com/news/%E3%80%90%E5%86%AC%E3%81%AE%E8%85%B0%E7%97%9B%E5%AF%BE%E7%AD%96%E3%81%A7%E3%82%84%E3%81%A3%E3%81%A6%E3%81%AF%E3%81%84%E3%81%91%E3%81%AA%E3%81%843%E3%81%A4%E3%81%AE%E3%81%93%E3%81%A8%E3%80%91/,0,41,0.0,55.65853658536585,
凹側,https://physical-balance-lab.com/1191/,0,1,0.0,81.0,1191
制服 スカート 回る,https://physical-balance-lab.com/616/,0,1,0.0,2.0,616
千種 整体,https://physical-balance-lab.com/,0,4,0.0,50.25,
千種区 ぎっくり腰,https://physical-balance-lab.com/,0,2,0.0,70.0,
千種区 接骨院,https://physical-balance-lab.com/,0,3,0.0,75.66666666666667,
千種区 整体,https://physical-balance-lab.com/,0,22,0.0,54.36363636363637,
千種区 整体,https://physical-balance-lab.com/vision/,0,2,0.0,61.5,
千種区 整体院,https://physical-balance-lab.com/,0,29,0.0,79.17241379310344,
千種区 肩こり,https://physical-balance-lab.com/,0,7,0.0,67.85714285714286,
千種区 肩こり,https://physical-balance-lab.com/599/,0,1,0.0,96.0,599
千種区 腰痛,https://physical-balance-lab.com/,0,101,0.0,71.32673267326733,
千種区 腰痛,https://physical-balance-lab.com/672/,0,2,0.0,89.5,672
千種区 腰痛,https://physical-balance-lab.com/703/,0,4,0.0,84.5,703
千種区 腰痛,https://physical-balance-lab.com/vision/,0,2,0.0,66.5,
千穂区 肩こり,https://physical-balance-lab.com/,0,9,0.0,46.666666666666664,
協栄ホーム 奈良,https://physical-balance-lab.com/,0,3,0.0,45.666666666666664,
反り 腰 座り 方,https://physical-balance-lab.com/602/,0,2,0.0,54.5,602
反り腰 座り方,https://physical-balance-lab.com/602/,0,7,0.0,40.42857142857143,602
反り腰 座り方 床,https://physical-balance-lab.com/602/,0,1,0.0,69.0,602
反り腰 座り方 椅子,https://physical-balance-lab.com/602/,0,2,0.0,39.5,602
反り腰 座る姿勢,https://physical-balance-lab.com/602/,0,1,0.0,66.0,602
反り腰 改善 座り方,https://physical-balance-lab.com/602/,0,1,0.0,46.0,602
反り腰 椅子の座り方,https://physical-balance-lab.com/602/,0,1,0.0,30.0,602
反り腰 治し方 座り方,https://physical-balance-lab.com/602/,0,1,0.0,100.0,602
反り腰に ならない 座り方,https://physical-balance-lab.com/602/,0,3,0.0,15.666666666666666,602
反り腰にならない座り方,https://physical-balance-lab.com/602/,0,11,0.0,28.0,602
反り腰を治す座り方,https://physical-balance-lab.com/602/,0,1,0.0,88.0,602
反り腰改善 椅子,https://physical-balance-lab.com/602/,0,1,0.0,42.0,602
反り腰改善座り方,https://physical-balance-lab.com/602/,0,1,0.0,61.0,602
右肩が上がってる,https://physical-balance-lab.com/672/,0,1,0.0,61.0,672
右肩が下がっている,https://physical-balance-lab.com/672/,0,1,0.0,66.0,672
右肩が下がっている 原因,https://physical-balance-lab.com/672/,0,3,0.0,73.0,672
右肩が下がっている 直し方,https://physical-balance-lab.com/672/,0,1,0.0,74.0,672
名古屋 名東区 整体 むち打ち症,https://physical-balance-lab.com/1515/,0,18,0.0,56.388888888888886,1515
名古屋 名東区 整体 むち打ち症,https://physical-balance-lab.com/1525/,0,4,0.0,73.25,1525
名古屋 名東区 整体 むち打ち症,https://physical-balance-lab.com/1532/,0,2,0.0,48.5,1532
名古屋 名東区 整体 むち打ち症,https://physical-balance-lab.com/1539/,0,1,0.0,98.0,1539
名古屋 名東区 整体 むち打ち症,https://physical-balance-lab.com/1545/,0,4,0.0,39.75,1545
名古屋 名東区 整体 五十肩,https://physical-balance-lab.com/1142/,0,5,0.0,73.6,1142
名古屋 名東区 整体 五十肩,https://physical-balance-lab.com/599/,0,1,0.0,94.0,599
名古屋 名東区 整体 五十肩,https://physical-balance-lab.com/774/,0,22,0.0,66.45454545454545,774
名古屋 名東区 整体 側弯症,https://physical-balance-lab.com/,0,27,0.0,42.48148148148148,
名古屋 名東区 整体 側弯症,https://physical-balance-lab.com/1055/,0,17,0.0,24.470588235294116,1055
名古屋 名東区 整体 側弯症,https://physical-balance-lab.com/1101/,0,5,0.0,46.6,1101
名古屋 名東区 整体 側弯症,https://physical-balance-lab.com/1118/,0,1,0.0,25.0,1118
名古屋 名東区 整体 側弯症,https://physical-balance-lab.com/1122/,0,1,0.0,20.0,1122
名古屋 名東区 整体 側弯症,https://physical-balance-lab.com/1124/,0,4,0.0,26.0,1124
名古屋 名東区 整体 側弯症,https://physical-balance-lab.com/1173/,0,1,0.0,18.0,1173
名古屋 名東区 整体 側弯症,https://physical-balance-lab.com/1176/,0,36,0.0,28.88888888888889,1176
名古屋 名東区 整体 側弯症,https://physical-balance-lab.com/1191/,0,17,0.0,30.647058823529413,1191
名古屋 名東区 整体 側弯症,https://physical-balance-lab.com/317/,0,3,0.0,42.0,317
名古屋 名東区 整体 側弯症,https://physical-balance-lab.com/667/,0,19,0.0,36.05263157894737,667
名古屋 名東区 整体 側弯症,https://physical-balance-lab.com/703/,0,15,0.0,33.8,703
名古屋 名東区 整体 側弯症,https://physical-balance-lab.com/770/,0,3,0.0,16.666666666666664,770
名古屋 名東区 整体 側弯症,https://physical-balance-lab.com/779/,0,3,0.0,24.333333333333332,779
名古屋 名東区 整体 側弯症,https://physical-balance-lab.com/793/,0,1,0.0,14.0,793
名古屋 名東区 整体 側弯症,https://physical-balance-lab.com/965/,0,1,0.0,63.0,965
名古屋 名東区 整体 側弯症,https://physical-balance-lab.com/980/,0,3,0.0,26.666666666666668,980
名古屋 名東区 整体 側弯症,https://physical-balance-lab.com/990/,0,1,0.0,18.0,990
名古屋 名東区 整体 側弯症,https://physical-balance-lab.com/tag/meito-ku/,0,7,0.0,22.571428571428573,
名古屋 名東区 整体 坐骨神経痛,https://physical-balance-lab.com/1055/,0,1,0.0,63.0,1055
名古屋 名東区 整体 椎間板ヘルニア,https://physical-balance-lab.com/703/,0,1,0.0,72.0,703
名古屋 名東区 整体 股関節痛,https://physical-balance-lab.com/,0,1,0.0,76.0,
名古屋 名東区 整体 骨盤底筋群,https://physical-balance-lab.com/1507/,0,1,0.0,22.0,1507
名古屋 接骨院,https://physical-balance-lab.com/,0,2,0.0,47.0,
名古屋 整体,https://physical-balance-lab.com/,0,3,0.0,18.666666666666668,
名古屋 整体,https://physical-balance-lab.com/vision/,0,2,0.0,75.5,
名古屋 整体 むち打ち症,https://physical-balance-lab.com/1539/,0,1,0.0,79.0,1539
名古屋 整体 側弯症,https://physical-balance-lab.com/,0,135,0.0,19.118518518518517,
名古屋 整体 側弯症,https://physical-balance-lab.com/1055/,0,2,0.0,63.5,1055
名古屋 整体 側弯症,https://physical-balance-lab.com/1173/,0,6,0.0,59.666666666666664,1173
名古屋 整体 側弯症,https://physical-balance-lab.com/about/,0,2,0.0,80.0,
名古屋 整体 側湾症,https://physical-balance-lab.com/,0,149,0.0,32.48993288590604,
名古屋 整体 側湾症,https://physical-balance-lab.com/1176/,0,1,0.0,69.0,1176
名古屋 整体 側湾症,https://physical-balance-lab.com/317/,0,4,0.0,86.0,317
名古屋 整体 側湾症,https://physical-balance-lab.com/980/,0,2,0.0,80.5,980
名古屋 整体 椎間板ヘルニア,https://physical-balance-lab.com/,0,2,0.0,73.5,
名古屋 整体 骨盤底筋群,https://physical-balance-lab.com/,0,2,0.0,54.0,
名古屋 肩こり,https://physical-balance-lab.com/,0,3,0.0,31.666666666666668,
名古屋 肩甲骨はがし,https://physical-balance-lab.com/599/,0,2,0.0,47.5,599
名古屋 脊柱側弯症,https://physical-balance-lab.com/,0,2,0.0,83.0,
名古屋 腰痛,https://physical-balance-lab.com/,0,4,0.0,19.75,
名古屋 腰痛,https://physical-balance-lab.com/about/,0,1,0.0,1.0,
名古屋市 側弯症,https://physical-balance-lab.com/,0,3,0.0,103.0,
名古屋市 接骨院,https://physical-balance-lab.com/,0,1,0.0,63.0,
名古屋市 整体,https://physical-balance-lab.com/,0,1,0.0,33.0,
名古屋市 肩甲骨はがし,https://physical-balance-lab.com/599/,0,1,0.0,76.0,599
名古屋市北区 肩こり,https://physical-balance-lab.com/,0,1,0.0,54.0,
名古屋市西区 肩こり,https://physical-balance-lab.com/,0,2,0.0,49.0,
名古屋市西区 腰痛,https://physical-balance-lab.com/,0,1,0.0,47.0,
名古屋整体院,https://physical-balance-lab.com/,0,2,0.0,21.5,
名古屋肩甲骨はがし,https://physical-balance-lab.com/599/,0,2,0.0,51.0,599
名古屋駅 整体,https://physical-balance-lab.com/,0,1,0.0,44.0,
名東区 マッサージ,https://physical-balance-lab.com/,0,1,0.0,1.0,
名東区 マッサージ,https://physical-balance-lab.com/about/,0,1,0.0,1.0,
名東区 腰痛,https://physical-balance-lab.com/tag/meito-ku/,0,7,0.0,63.714285714285715,
名駅 接骨院,https://physical-balance-lab.com/,0,1,0.0,51.0,
唯一人 コード,https://physical-balance-lab.com/blog/,0,1,0.0,41.0,
坐骨神経痛 ぶら下がり,https://physical-balance-lab.com/718/,0,3,0.0,42.666666666666664,718
坐骨神経痛 ぶら下がり,https://physical-balance-lab.com/779/,0,1,0.0,44.0,779
坐骨神経痛 タバコ,https://physical-balance-lab.com/317/,0,1,0.0,83.0,317
坐骨神経痛 喫煙,https://physical-balance-lab.com/317/,0,1,0.0,46.0,317
坐骨神経痛 整体 整骨院 どっち,https://physical-balance-lab.com/463/,0,1,0.0,92.0,463
増田一太,https://physical-balance-lab.com/1063/,0,1,0.0,6.0,1063
変形性側弯症 リハビリ,https://physical-balance-lab.com/1191/,0,1,0.0,53.0,1191
変形性股関節症が原因の側弯症,https://physical-balance-lab.com/1176/,0,5,0.0,11.0,1176
変性側弯症 手術,https://physical-balance-lab.com/976/,0,1,0.0,3.0,976
大体筋膜張筋,https://physical-balance-lab.com/1176/,0,1,0.0,1.0,1176
大腿筋膜張筋,https://physical-balance-lab.com/1176/,0,78,0.0,1.0,1176
大腿筋膜張筋とは,https://physical-balance-lab.com/1176/,0,1,0.0,78.0,1176
大谷翔平 pemf,https://physical-balance-lab.com/441/,0,2,0.0,8.5,441
大谷翔平 パルス 電磁波,https://physical-balance-lab.com/441/,0,1,0.0,6.0,441
太腿筋膜張筋,https://physical-balance-lab.com/1176/,0,1,0.0,1.0,1176
奥村龍,https://physical-balance-lab.com/about/,0,1,0.0,42.0,
奥村龍,https://physical-balance-lab.com/vision/,0,2,0.0,4.0,
女子スカートまわる,https://physical-balance-lab.com/616/,0,3,0.0,9.0,616
姿勢ラボ,https://physical-balance-lab.com/,0,1,0.0,31.0,
姿勢矯正コルセット,https://physical-balance-lab.com/965/,0,1,0.0,14.0,965
姿勢良くしたら腰痛い,https://physical-balance-lab.com/1014/,0,1,0.0,89.0,1014
子供 名古屋 名東区 整体 側弯症,https://physical-balance-lab.com/,0,5,0.0,85.6,
子供 名古屋 名東区 整体 側弯症,https://physical-balance-lab.com/1063/,0,1,0.0,77.0,1063
子供 名古屋 名東区 整体 側弯症,https://physical-balance-lab.com/1118/,0,4,0.0,7.75,1118
子供 名古屋 名東区 整体 側弯症,https://physical-balance-lab.com/1122/,0,12,0.0,14.75,1122
子供 名古屋 名東区 整体 側弯症,https://physical-balance-lab.com/1124/,0,1,0.0,41.0,1124
子供 名古屋 名東区 整体 側弯症,https://physical-balance-lab.com/1176/,0,3,0.0,35.333333333333336,1176
子供 名古屋 名東区 整体 側弯症,https://physical-balance-lab.com/1182/,0,1,0.0,24.0,1182
子供 名古屋 名東区 整体 側弯症,https://physical-balance-lab.com/22/,0,2,0.0,11.5,22
子供 名古屋 名東区 整体 側弯症,https://physical-balance-lab.com/317/,0,8,0.0,35.25,317
子供 名古屋 名東区 整体 側弯症,https://physical-balance-lab.com/610/,0,1,0.0,84.0,610
子供 名古屋 名東区 整体 側弯症,https://physical-balance-lab.com/667/,0,69,0.0,11.579710144927537,667
子供 名古屋 名東区 整体 側弯症,https://physical-balance-lab.com/703/,0,51,0.0,26.568627450980394,703
子供 名古屋 名東区 整体 側弯症,https://physical-balance-lab.com/770/,0,3,0.0,8.0,770
子供 名古屋 名東区 整体 側弯症,https://physical-balance-lab.com/965/,0,35,0.0,24.457142857142856,965
子供 名古屋 名東区 整体 側弯症,https://physical-balance-lab.com/976/,0,32,0.0,30.59375,976
子供 名古屋 名東区 整体 側弯症,https://physical-balance-lab.com/990/,0,1,0.0,16.0,990
子供 名古屋 名東区 整体 猫背,https://physical-balance-lab.com/703/,0,1,0.0,39.0,703
子供 名古屋 名東区 整体 腰痛,https://physical-balance-lab.com/703/,0,77,0.0,52.16883116883117,703
子供 名古屋 整体 側弯症,https://physical-balance-lab.com/,0,1,0.0,75.0,
子供 名古屋 整体 側弯症,https://physical-balance-lab.com/667/,0,6,0.0,45.333333333333336,667
子供 名古屋 整体 側弯症,https://physical-balance-lab.com/703/,0,30,0.0,53.233333333333334,703
子供 名古屋 整体 側弯症,https://physical-balance-lab.com/965/,0,11,0.0,47.63636363636363,965
子供 名古屋 整体 側弯症,https://physical-balance-lab.com/976/,0,2,0.0,67.5,976
子供 名古屋 整体 腰痛,https://physical-balance-lab.com/703/,0,20,0.0,90.2,703
宇宙整体,https://physical-balance-lab.com/,0,2,0.0,6.0,
安い所は？,https://physical-balance-lab.com/,0,1,0.0,2.0,
安座 体育座り,https://physical-balance-lab.com/1063/,0,1,0.0,3.0,1063
寝過ぎて腰が痛い 風邪,https://physical-balance-lab.com/news/%E3%80%90%E9%A2%A8%E9%82%AA%E3%81%A8%E8%85%B0%E7%97%9B%E3%81%AE%E6%84%8F%E5%A4%96%E3%81%AA%E9%96%A2%E4%BF%82%E3%80%91/,0,2,0.0,3.0,
小胸筋,https://physical-balance-lab.com/1171/,0,319,0.0,1.0,1171
左手首 痛い ゴルフ,https://physical-balance-lab.com/731/,0,1,0.0,54.0,731
左肩が上がってる,https://physical-balance-lab.com/672/,0,1,0.0,80.0,672
巻き肩 デスクワーク,https://physical-balance-lab.com/709/,0,8,0.0,38.125,709
巻き肩 パソコン,https://physical-balance-lab.com/709/,0,1,0.0,80.0,709
後 弯症 手術後,https://physical-balance-lab.com/976/,0,16,0.0,1.0,976
後湾症 手術,https://physical-balance-lab.com/976/,0,1,0.0,19.0,976
徳重 肩こり,https://physical-balance-lab.com/,0,30,0.0,44.03333333333333,
意外な人がタバコ,https://physical-balance-lab.com/317/,0,1,0.0,7.0,317
愛知,https://physical-balance-lab.com/,0,1,0.0,2.0,
愛知 整体,https://physical-balance-lab.com/,0,2,0.0,34.0,
愛知県 整体,https://physical-balance-lab.com/,0,1,0.0,15.0,
愛知県 整体 おすすめ,https://physical-balance-lab.com/,0,1,0.0,32.0,
愛知県 肩甲骨はがし,https://physical-balance-lab.com/599/,0,1,0.0,82.0,599
慢性術後痛,https://physical-balance-lab.com/976/,0,1,0.0,4.0,976
慶應義塾大学病院 側弯症診療センター,https://physical-balance-lab.com/976/,0,1,0.0,5.0,976
手首 ゴルフ 痛み,https://physical-balance-lab.com/731/,0,4,0.0,56.25,731
手首 引っ張る 音,https://physical-balance-lab.com/731/,0,1,0.0,55.0,731
手首が痛い 原因,https://physical-balance-lab.com/731/,0,1,0.0,1.0,731
手首が痛い 外側,https://physical-balance-lab.com/731/,0,1,0.0,1.0,731
接骨院 スポーツ,https://physical-balance-lab.com/,0,1,0.0,1.0,
接骨院 スポーツ,https://physical-balance-lab.com/about/,0,1,0.0,1.0,
教えて,https://physical-balance-lab.com/965/,0,1,0.0,12.0,965
整体,https://physical-balance-lab.com/,0,2,0.0,1.0,
整体,https://physical-balance-lab.com/about/,0,1,0.0,1.0,
整体 40代,https://physical-balance-lab.com/1569/,0,1,0.0,1.0,1569
整体 lab,https://physical-balance-lab.com/,0,2,0.0,31.0,
整体 ぎっくり腰,https://physical-balance-lab.com/,0,1,0.0,88.0,
整体 なぜ効く,https://physical-balance-lab.com/330/,0,2,0.0,27.5,330
整体 エビデンス,https://physical-balance-lab.com/1569/,0,6,0.0,24.666666666666668,1569
整体 バランス,https://physical-balance-lab.com/,0,1,0.0,12.0,
整体 メリット,https://physical-balance-lab.com/330/,0,58,0.0,65.43103448275862,330
整体 ラボ,https://physical-balance-lab.com/,0,1,0.0,8.0,
整体 レッドフラッグ,https://physical-balance-lab.com/,0,1,0.0,52.0,
整体 レッドフラッグ,https://physical-balance-lab.com/about-redcord/,0,1,0.0,55.0,
整体 何に効く,https://physical-balance-lab.com/330/,0,1,0.0,59.0,330
整体 健康,https://physical-balance-lab.com/330/,0,4,0.0,35.75,330
整体 側弯症,https://physical-balance-lab.com/,0,2,0.0,9.0,
整体 効果,https://physical-balance-lab.com/330/,0,122,0.0,71.32786885245902,330
整体 効果 ある のか,https://physical-balance-lab.com/330/,0,1,0.0,42.0,330
整体 効果 エビデンス,https://physical-balance-lab.com/330/,0,1,0.0,63.0,330
整体 効果 科学的根拠,https://physical-balance-lab.com/330/,0,4,0.0,18.5,330
整体 効果あるのか,https://physical-balance-lab.com/330/,0,36,0.0,64.16666666666666,330
整体 医学 的 根拠,https://physical-balance-lab.com/330/,0,1,0.0,36.0,330
整体 医学的根拠,https://physical-balance-lab.com/330/,0,1,0.0,42.0,330
整体 千種区,https://physical-balance-lab.com/,0,1,0.0,1.0,
整体 名古屋,https://physical-balance-lab.com/,0,8,0.0,22.625,
整体 名古屋,https://physical-balance-lab.com/about/,0,1,0.0,1.0,
整体 名古屋栄,https://physical-balance-lab.com/,0,2,0.0,29.5,
整体 患者,https://physical-balance-lab.com/voice-1/,0,1,0.0,59.0,
整体 愛知,https://physical-balance-lab.com/,0,2,0.0,33.5,
整体 愛知 ランキング,https://physical-balance-lab.com/,0,7,0.0,30.142857142857142,
整体 愛知 口コミ,https://physical-balance-lab.com/,0,5,0.0,41.4,
整体 栄,https://physical-balance-lab.com/,0,2,0.0,18.5,
整体 歪み,https://physical-balance-lab.com/1055/,0,1,0.0,68.0,1055
整体 肩こり 駐車場,https://physical-balance-lab.com/,0,3,0.0,70.33333333333333,
整体 肩こり 骨盤歪み,https://physical-balance-lab.com/,0,2,0.0,98.0,
整体 肩甲骨,https://physical-balance-lab.com/,0,2,0.0,7.5,
整体 腰痛,https://physical-balance-lab.com/,0,3,0.0,34.333333333333336,
整体 腰痛 40代,https://physical-balance-lab.com/1124/,0,12,0.0,34.166666666666664,1124
整体 行く理由,https://physical-balance-lab.com/330/,0,2,0.0,73.5,330
整体 開業,https://physical-balance-lab.com/,0,2,0.0,96.0,
整体って効果あるの,https://physical-balance-lab.com/330/,0,1,0.0,45.0,330
整体に行く理由,https://physical-balance-lab.com/330/,0,54,0.0,63.51851851851852,330
整体の効果,https://physical-balance-lab.com/330/,0,10,0.0,78.3,330
整体サロンdebord,https://physical-balance-lab.com/,0,1,0.0,29.0,
整体メリット,https://physical-balance-lab.com/330/,0,8,0.0,76.625,330
整体ラボ,https://physical-balance-lab.com/,0,4,0.0,10.75,
整体効果,https://physical-balance-lab.com/330/,0,13,0.0,85.23076923076923,330
整体後 寒気,https://physical-balance-lab.com/news/%E3%80%90%E9%A2%A8%E9%82%AA%E3%81%A8%E8%85%B0%E7%97%9B%E3%81%AE%E6%84%8F%E5%A4%96%E3%81%AA%E9%96%A2%E4%BF%82%E3%80%91/,0,1,0.0,89.0,
整体行く理由,https://physical-balance-lab.com/330/,0,1,0.0,60.0,330
整体院,https://physical-balance-lab.com/,0,5,0.0,9.2,
整体院フィジカルlabo,https://physical-balance-lab.com/,0,1,0.0,23.0,
整体院フィジカルlabo,https://physical-balance-lab.com/about/,0,1,0.0,40.0,
整体院開業,https://physical-balance-lab.com/,0,1,0.0,96.0,
整体院開業 注意,https://physical-balance-lab.com/,0,1,0.0,88.0,
整骨院 星ヶ丘駅,https://physical-balance-lab.com/,0,24,0.0,35.625,
整骨院 星ヶ丘駅,https://physical-balance-lab.com/about/,0,21,0.0,79.57142857142857,
整骨院バランスアップlab,https://physical-balance-lab.com/for-newcomers/,0,1,0.0,42.0,
日本全国,https://physical-balance-lab.com/,0,1,0.0,5.0,
日本語で,https://physical-balance-lab.com/703/,0,1,0.0,5.0,703
星ヶ丘 ストレッチ,https://physical-balance-lab.com/,0,3,0.0,14.0,
星ヶ丘 五十肩,https://physical-balance-lab.com/,0,27,0.0,15.185185185185185,
星ヶ丘 五十肩,https://physical-balance-lab.com/1142/,0,4,0.0,38.75,1142
星ヶ丘 五十肩,https://physical-balance-lab.com/657/,0,1,0.0,36.0,657
星ヶ丘 五十肩,https://physical-balance-lab.com/774/,0,4,0.0,37.0,774
星ヶ丘 五十肩,https://physical-balance-lab.com/about/,0,4,0.0,26.75,
星ヶ丘 五十肩,https://physical-balance-lab.com/guidance/gojukata-1/,0,1,0.0,36.0,
星ヶ丘 五十肩,https://physical-balance-lab.com/guidance_category/gojukata/,0,4,0.0,38.5,
星ヶ丘 五十肩,https://physical-balance-lab.com/tag/%E4%BA%94%E5%8D%81%E8%82%A9/,0,2,0.0,36.0,
星ヶ丘 接骨院,https://physical-balance-lab.com/,0,1,0.0,33.0,
星ヶ丘 整体,https://physical-balance-lab.com/about/,0,46,0.0,26.869565217391305,
星ヶ丘 整骨院,https://physical-balance-lab.com/,0,3,0.0,43.0,
星ヶ丘 肩こり,https://physical-balance-lab.com/,0,332,0.0,16.292168674698793,
星ヶ丘 肩こり,https://physical-balance-lab.com/465/,0,3,0.0,53.666666666666664,465
星ヶ丘 肩こり,https://physical-balance-lab.com/477/,0,3,0.0,36.666666666666664,477
星ヶ丘 肩こり,https://physical-balance-lab.com/599/,0,5,0.0,78.2,599
星ヶ丘 肩こり,https://physical-balance-lab.com/about/,0,123,0.0,47.5609756097561,
星ヶ丘 腰痛,https://physical-balance-lab.com/1140/,0,2,0.0,61.0,1140
星ヶ丘 腰痛,https://physical-balance-lab.com/328/,0,5,0.0,63.0,328
星ヶ丘 腰痛,https://physical-balance-lab.com/718/,0,2,0.0,72.0,718
星ヶ丘 腰痛,https://physical-balance-lab.com/779/,0,1,0.0,72.0,779
星ヶ丘 腰痛,https://physical-balance-lab.com/932/,0,1,0.0,64.0,932
星ヶ丘 腰痛,https://physical-balance-lab.com/about/,0,82,0.0,62.170731707317074,
星ヶ丘 腰痛,https://physical-balance-lab.com/vision/,0,1,0.0,92.0,
星ヶ丘 腰痛,https://physical-balance-lab.com/voice-1/,0,1,0.0,69.0,
星ヶ丘 駐車場,https://physical-balance-lab.com/,0,10,0.0,57.5,
星ヶ丘整体noa 名古屋市名東区名東本通,https://physical-balance-lab.com/,0,1,0.0,38.0,
星ヶ丘整骨院,https://physical-balance-lab.com/,0,11,0.0,24.545454545454547,
星ヶ丘駅 整骨院,https://physical-balance-lab.com/,0,84,0.0,10.488095238095237,
星ヶ丘駅 整骨院,https://physical-balance-lab.com/about/,0,19,0.0,71.84210526315789,
更年期 腰痛 左側,https://physical-balance-lab.com/1124/,0,1,0.0,86.0,1124
朝 腰が曲がらない,https://physical-balance-lab.com/1463/,0,1,0.0,70.0,1463
東京 レッドコード,https://physical-balance-lab.com/,0,15,0.0,26.133333333333333,
栄 接骨院,https://physical-balance-lab.com/,0,1,0.0,55.0,
栄 整体,https://physical-balance-lab.com/,0,8,0.0,25.25,
栄 肩こり,https://physical-balance-lab.com/,0,6,0.0,20.0,
栄 腰痛,https://physical-balance-lab.com/,0,81,0.0,70.50617283950618,
栄 腰痛,https://physical-balance-lab.com/703/,0,8,0.0,85.125,703
梅雨 腰痛,https://physical-balance-lab.com/495/,0,1,0.0,52.0,495
梅雨腰痛,https://physical-balance-lab.com/495/,0,1,0.0,53.0,495
椅子 反り腰,https://physical-balance-lab.com/602/,0,6,0.0,26.5,602
椅子に体育座り,https://physical-balance-lab.com/1063/,0,1,0.0,1.0,1063
椎間板ヘルニア ウォーキング 時間,https://physical-balance-lab.com/1070/,0,1,0.0,101.0,1070
椎間板ヘルニア 体育座り,https://physical-balance-lab.com/1063/,0,17,0.0,5.705882352941177,1063
椎間板ヘルニア初期,https://physical-balance-lab.com/467/,0,1,0.0,57.0,467
歩いてるとスカートが回る,https://physical-balance-lab.com/616/,0,9,0.0,7.888888888888889,616
歪み 整体,https://physical-balance-lab.com/,0,1,0.0,1.0,
歳をとると背が縮む,https://physical-balance-lab.com/1101/,0,1,0.0,3.0,1101
治療済み,https://physical-balance-lab.com/976/,0,1,0.0,2.0,976
湿気 腰痛,https://physical-balance-lab.com/495/,0,1,0.0,31.0,495
無重力 レッドコード,https://physical-balance-lab.com/,0,4,0.0,6.75,
無重力ストレッチ,https://physical-balance-lab.com/,0,2,0.0,10.5,
無重力整体 レッドコード,https://physical-balance-lab.com/about-redcord/,0,47,0.0,1.8936170212765957,
無重力整体 レッドコード,https://physical-balance-lab.com/about/,0,2,0.0,11.0,
無重力整体レッドコード,https://physical-balance-lab.com/703/,0,1,0.0,11.0,703
無重力整体レッドコード,https://physical-balance-lab.com/about-redcord/,0,101,0.0,1.108910891089109,
無重力整体レッドコード,https://physical-balance-lab.com/about/,0,3,0.0,10.666666666666666,
無重量整体,https://physical-balance-lab.com/about-redcord/,0,2,0.0,5.0,
熱 腰が痛い 寝れない 知恵袋,https://physical-balance-lab.com/news/%E3%80%90%E9%A2%A8%E9%82%AA%E3%81%A8%E8%85%B0%E7%97%9B%E3%81%AE%E6%84%8F%E5%A4%96%E3%81%AA%E9%96%A2%E4%BF%82%E3%80%91/,0,1,0.0,2.0,
熱が出る前 腰が痛い,https://physical-balance-lab.com/news/%E3%80%90%E9%A2%A8%E9%82%AA%E3%81%A8%E8%85%B0%E7%97%9B%E3%81%AE%E6%84%8F%E5%A4%96%E3%81%AA%E9%96%A2%E4%BF%82%E3%80%91/,0,1,0.0,3.0,
特発性側弯症 装具,https://physical-balance-lab.com/965/,0,3,0.0,3.0,965
状態,https://physical-balance-lab.com/1063/,0,1,0.0,8.0,1063
理学療法機器p-90 効果,https://physical-balance-lab.com/441/,0,1,0.0,4.0,441
生活重心,https://physical-balance-lab.com/620/,0,1,0.0,11.0,620
産後 マッサージ 栄,https://physical-balance-lab.com/703/,0,44,0.0,71.45454545454545,703
画像,https://physical-balance-lab.com/612/,0,1,0.0,10.0,612
画像,https://physical-balance-lab.com/965/,0,3,0.0,25.0,965
画像,https://physical-balance-lab.com/wp/wp-content/uploads/2024/05/eyecatch.jpg.webp,0,1,0.0,59.0,
画像,https://physical-balance-lab.com/wp/wp-content/uploads/2024/09/%E3%83%97%E3%83%AC%E3%83%BC%E3%83%AA%E3%83%BC%E3%81%8F%E3%82%93%EF%BC%92-224x300.webp,0,1,0.0,26.0,
疼痛性側弯,https://physical-balance-lab.com/976/,0,1,0.0,36.0,976
看護 ボディメカニクス,https://physical-balance-lab.com/932/,0,107,0.0,42.046728971962615,932
看護師 腰痛い,https://physical-balance-lab.com/932/,0,1,0.0,94.0,932
神の倉 整骨院,https://physical-balance-lab.com/,0,1,0.0,40.0,
神の倉 肩こり,https://physical-balance-lab.com/,0,43,0.0,32.6046511627907,
神股関節ケア,https://physical-balance-lab.com/1137/,0,10,0.0,8.6,1137
種類の画像,https://physical-balance-lab.com/965/,0,1,0.0,6.0,965
突発性側弯症 手術,https://physical-balance-lab.com/976/,0,1,0.0,3.0,976
筋 筋 膜 性 腰痛,https://physical-balance-lab.com/1460/,0,2,0.0,88.5,1460
筋 筋 膜 性 腰痛 症,https://physical-balance-lab.com/1460/,0,3,0.0,88.66666666666667,1460
筋 膜 性 腰痛,https://physical-balance-lab.com/1460/,0,3,0.0,86.66666666666667,1460
筋 膜 性 腰痛 治し 方,https://physical-balance-lab.com/1460/,0,1,0.0,63.0,1460
筋の硬さ 専門用語,https://physical-balance-lab.com/1460/,0,1,0.0,19.0,1460
筋トレ 首 痛めた,https://physical-balance-lab.com/593/,0,1,0.0,57.0,593
筋トレ 首痛めた,https://physical-balance-lab.com/593/,0,1,0.0,56.0,593
筋トレ首痛めた,https://physical-balance-lab.com/593/,0,1,0.0,57.0,593
筋性防御 なぜ,https://physical-balance-lab.com/1460/,0,45,0.0,9.155555555555555,1460
筋筋膜性腰痛,https://physical-balance-lab.com/1460/,0,16,0.0,85.25,1460
筋肉 タイプ別,https://physical-balance-lab.com/980/,0,1,0.0,102.0,980
筋肉 硬くなる 痛み,https://physical-balance-lab.com/1460/,0,1,0.0,75.0,1460
筋肉のしこり 正体,https://physical-balance-lab.com/1460/,0,1,0.0,72.0,1460
筋肉の秘密,https://physical-balance-lab.com/1171/,0,1,0.0,74.0,1171
筋膜リリース 腰痛 トリガーポイント,https://physical-balance-lab.com/1460/,0,1,0.0,61.0,1460
筋膜性腰痛,https://physical-balance-lab.com/1460/,0,4,0.0,96.5,1460
筋膜性腰痛 ストレッチ,https://physical-balance-lab.com/1497/,0,1,0.0,39.0,1497
筋膜性腰痛 ストレッチ,https://physical-balance-lab.com/1507/,0,1,0.0,81.0,1507
粘っこくこらえる 腰,https://physical-balance-lab.com/1460/,0,1,0.0,11.0,1460
緩消法 名古屋,https://physical-balance-lab.com/,0,1,0.0,38.0,
肋骨矯正,https://physical-balance-lab.com/,0,1,0.0,4.0,
股関節 ストレッチ やりすぎ,https://physical-balance-lab.com/1137/,0,1,0.0,100.0,1137
股関節ケア,https://physical-balance-lab.com/1137/,0,1,0.0,99.0,1137
股関節痛 治療テクニック,https://physical-balance-lab.com/1137/,0,2,0.0,22.0,1137
股関節痛 治療テクニック 人気,https://physical-balance-lab.com/1137/,0,2,0.0,32.5,1137
股関節痛 治療テクニック 早い,https://physical-balance-lab.com/1137/,0,1,0.0,6.0,1137
股関節痛 治療テクニック 楽になる,https://physical-balance-lab.com/1137/,0,36,0.0,26.77777777777778,1137
肩 ねじれ 痛み,https://physical-balance-lab.com/744/,0,1,0.0,25.0,744
肩 甲 上腕 リズム 崩れ 原因,https://physical-balance-lab.com/1142/,0,2,0.0,62.0,1142
肩 甲骨 はがし なんj,https://physical-balance-lab.com/599/,0,1,0.0,17.0,599
肩 甲骨 はがし ストレッチ,https://physical-balance-lab.com/,0,1,0.0,100.0,
肩 甲骨 はがし 名古屋,https://physical-balance-lab.com/599/,0,5,0.0,55.8,599
肩 甲骨 剥がれ ない人,https://physical-balance-lab.com/599/,0,1,0.0,22.0,599
肩こり 中区松原,https://physical-balance-lab.com/,0,1,0.0,50.0,
肩こり 即解消,https://physical-balance-lab.com/477/,0,2,0.0,24.5,477
肩こり 名古屋栄,https://physical-balance-lab.com/,0,4,0.0,27.75,
肩こり 放置,https://physical-balance-lab.com/729/,0,2,0.0,52.5,729
肩こり 放置 どうなる,https://physical-balance-lab.com/729/,0,1,0.0,41.0,729
肩こり 放置すると,https://physical-balance-lab.com/729/,0,1,0.0,44.0,729
肩こりがひどいとどうなる,https://physical-balance-lab.com/729/,0,1,0.0,86.0,729
肩こりを放置するとどうなる,https://physical-balance-lab.com/729/,0,1,0.0,70.0,729
肩こり放置,https://physical-balance-lab.com/729/,0,1,0.0,87.0,729
肩こり放置すると,https://physical-balance-lab.com/729/,0,1,0.0,56.0,729
肩の痛み テニス,https://physical-balance-lab.com/744/,0,1,0.0,85.0,744
肩の高さ が違う 病気,https://physical-balance-lab.com/976/,0,1,0.0,3.0,976
肩甲骨 隙間がない,https://physical-balance-lab.com/599/,0,2,0.0,23.5,599
肩甲骨が剥がれない,https://physical-balance-lab.com/599/,0,1,0.0,49.0,599
肩甲骨はがし,https://physical-balance-lab.com/,0,1,0.0,98.0,
肩甲骨はがし はがれない,https://physical-balance-lab.com/599/,0,1,0.0,57.0,599
肩甲骨はがし 名古屋,https://physical-balance-lab.com/599/,0,5,0.0,47.6,599
肩甲骨はがし 整体院,https://physical-balance-lab.com/599/,0,1,0.0,12.0,599
背中 左右 非対称 筋肉,https://physical-balance-lab.com/1171/,0,1,0.0,22.0,1171
背中 片側 だけ 盛り上がる,https://physical-balance-lab.com/1769/,0,3,0.0,5.333333333333333,1769
背中 片側 盛り上がり,https://physical-balance-lab.com/1769/,0,2,0.0,7.0,1769
背中 片側だけ 盛り上がる,https://physical-balance-lab.com/1769/,0,1,0.0,5.0,1769
背中 縦線 ない,https://physical-balance-lab.com/1182/,0,1,0.0,63.0,1182
背中が丸くなる病気,https://physical-balance-lab.com/976/,0,1,0.0,4.0,976
背中痛い タバコ,https://physical-balance-lab.com/317/,0,3,0.0,11.333333333333334,317
背骨 が 曲がっ ている 手術,https://physical-balance-lab.com/976/,0,1,0.0,3.0,976
背骨 どこ,https://physical-balance-lab.com/1150/,0,1,0.0,54.0,1150
背骨 ゆがみ,https://physical-balance-lab.com/667/,0,2,0.0,94.0,667
背骨 仕組み,https://physical-balance-lab.com/1150/,0,1,0.0,27.0,1150
背骨 側屈,https://physical-balance-lab.com/1173/,0,1,0.0,110.0,1173
背骨 可動 域,https://physical-balance-lab.com/1173/,0,2,0.0,21.0,1173
背骨 可動域,https://physical-balance-lab.com/1173/,0,1,0.0,20.0,1173
背骨 曲がってる ストレッチ,https://physical-balance-lab.com/1101/,0,1,0.0,24.0,1101
背骨 曲がってる ストレッチ,https://physical-balance-lab.com/1171/,0,1,0.0,88.0,1171
背骨 曲がる 治す ストレッチ,https://physical-balance-lab.com/1101/,0,1,0.0,72.0,1101
背骨 曲がる 治すストレッチ 動画,https://physical-balance-lab.com/1101/,0,1,0.0,3.0,1101
背骨 歪み,https://physical-balance-lab.com/667/,0,1,0.0,62.0,667
背骨 歪み 症状,https://physical-balance-lab.com/667/,0,2,0.0,64.5,667
背骨が曲がっている 病気,https://physical-balance-lab.com/976/,0,1,0.0,3.0,976
背骨が曲がってる どうしたらいい,https://physical-balance-lab.com/1122/,0,1,0.0,57.0,1122
背骨が曲がる 腰痛,https://physical-balance-lab.com/1150/,0,1,0.0,41.0,1150
背骨が曲がる病気,https://physical-balance-lab.com/976/,0,1,0.0,3.0,976
背骨に沿った筋肉,https://physical-balance-lab.com/1171/,0,1,0.0,91.0,1171
背骨のことを何という,https://physical-balance-lab.com/1150/,0,1,0.0,48.0,1150
背骨の仕組み,https://physical-balance-lab.com/1150/,0,2,0.0,29.5,1150
背骨の手術 リスク,https://physical-balance-lab.com/976/,0,1,0.0,3.0,976
背骨をまっすぐに する ストレッチ,https://physical-balance-lab.com/1101/,0,1,0.0,4.0,1101
背骨を支える筋肉,https://physical-balance-lab.com/1171/,0,1,0.0,76.0,1171
背骨側弯症 ストレッチ,https://physical-balance-lab.com/1101/,0,5,0.0,1.0,1101
背骨右に曲がってる,https://physical-balance-lab.com/1171/,0,1,0.0,102.0,1171
背骨曲がる 治す ストレッチ,https://physical-balance-lab.com/1101/,0,19,0.0,61.78947368421053,1101
背骨曲がる 腰痛,https://physical-balance-lab.com/1150/,0,1,0.0,48.0,1150
胸 腰 筋 膜 トリガー ポイント,https://physical-balance-lab.com/1460/,0,2,0.0,12.0,1460
胸 腰 筋膜 トリガー ポイント,https://physical-balance-lab.com/1460/,0,9,0.0,2.2222222222222223,1460
胸椎 側 弯症,https://physical-balance-lab.com/1173/,0,1,0.0,62.0,1173
胸椎 側屈,https://physical-balance-lab.com/1173/,0,5,0.0,27.4,1173
胸椎 押すと痛い,https://physical-balance-lab.com/1150/,0,1,0.0,52.0,1150
胸椎 腰椎 可動域,https://physical-balance-lab.com/1173/,0,8,0.0,1.0,1173
胸椎 読み,https://physical-balance-lab.com/1525/,0,1,0.0,44.0,1525
胸椎の可動性,https://physical-balance-lab.com/1173/,0,1,0.0,4.0,1173
胸椎側屈,https://physical-balance-lab.com/1173/,0,1,0.0,11.0,1173
胸椎回旋角度,https://physical-balance-lab.com/1173/,0,1,0.0,65.0,1173
胸椎椎間板ヘルニア 症状 チェック,https://physical-balance-lab.com/1549/,0,2,0.0,54.0,1549
胸腰椎 可動域,https://physical-balance-lab.com/1173/,0,2,0.0,19.0,1173
胸腰筋膜 トリガーポイント,https://physical-balance-lab.com/1457/,0,2,0.0,15.0,1457
胸腰筋膜 トリガーポイント,https://physical-balance-lab.com/1460/,0,3,0.0,13.666666666666666,1460
脊柱 側 弯症 ストレッチ,https://physical-balance-lab.com/1101/,0,2,0.0,30.5,1101
脊柱 可動域,https://physical-balance-lab.com/1173/,0,2,0.0,31.5,1173
脊柱 歪み,https://physical-balance-lab.com/667/,0,1,0.0,68.0,667
脊柱の可動域,https://physical-balance-lab.com/1173/,0,2,0.0,9.5,1173
脊柱側屈,https://physical-balance-lab.com/1173/,0,13,0.0,9.615384615384615,1173
脊柱側弯 手術,https://physical-balance-lab.com/976/,0,2,0.0,3.0,976
脊柱側弯症,https://physical-balance-lab.com/1101/,0,1,0.0,3.0,1101
脊柱側弯症,https://physical-balance-lab.com/1169/,0,1,0.0,1.0,1169
脊柱側弯症,https://physical-balance-lab.com/1182/,0,1,0.0,3.0,1182
脊柱側弯症,https://physical-balance-lab.com/976/,0,1,0.0,3.0,976
脊柱側弯症 原因,https://physical-balance-lab.com/1101/,0,1,0.0,3.0,1101
脊柱側弯症 寝方,https://physical-balance-lab.com/guidance/sokuwanshou-3/,0,1,0.0,66.0,
脊柱側弯症 手術,https://physical-balance-lab.com/976/,0,4,0.0,3.0,976
脊柱側弯症 手術 リスク,https://physical-balance-lab.com/976/,0,4,0.0,2.75,976
脊柱側弯症 手術後,https://physical-balance-lab.com/976/,0,2,0.0,1.0,976
脊柱側弯症 腰痛,https://physical-balance-lab.com/779/,0,1,0.0,82.0,779
脊柱側弯症 英語,https://physical-balance-lab.com/1182/,0,1,0.0,3.0,1182
脊柱側湾症 手術,https://physical-balance-lab.com/976/,0,1,0.0,3.0,976
脊柱可動域,https://physical-balance-lab.com/1173/,0,2,0.0,28.5,1173
脊柱変形矯正手術,https://physical-balance-lab.com/976/,0,1,0.0,10.0,976
脊柱管狭窄症 ストレッチ,https://physical-balance-lab.com/,0,1,0.0,75.0,
脊柱管狭窄症 タバコ,https://physical-balance-lab.com/317/,0,5,0.0,27.0,317
脊柱管狭窄症と 側 弯症 の 違い,https://physical-balance-lab.com/1182/,0,1,0.0,3.0,1182
脊柱起立筋 左右差 筋トレ,https://physical-balance-lab.com/1171/,0,1,0.0,12.0,1171
脊椎 側 弯症 大人 ストレッチ,https://physical-balance-lab.com/1101/,0,2,0.0,30.0,1101
脊椎 側 弯症 手術,https://physical-balance-lab.com/976/,0,2,0.0,3.0,976
脊椎 側弯 治し 方,https://physical-balance-lab.com/1101/,0,1,0.0,3.0,1101
脊椎 可動域,https://physical-balance-lab.com/1173/,0,3,0.0,7.0,1173
脊椎ラボ,https://physical-balance-lab.com/,0,1,0.0,20.0,
脊椎側弯症 ストレッチ,https://physical-balance-lab.com/1101/,0,4,0.0,1.0,1101
脊椎側弯症 手術,https://physical-balance-lab.com/976/,0,1,0.0,3.0,976
脊椎側弯症 手術後,https://physical-balance-lab.com/976/,0,3,0.0,12.0,976
脊椎側弯症 腰痛,https://physical-balance-lab.com/779/,0,1,0.0,36.0,779
脊椎起立筋 ストレッチ,https://physical-balance-lab.com/1171/,0,1,0.0,73.0,1171
脛骨捻転,https://physical-balance-lab.com/1159/,0,4,0.0,21.25,1159
脱力整体,https://physical-balance-lab.com/datsuryoku/,0,1,0.0,9.0,
腕 ねじれ 痛み,https://physical-balance-lab.com/744/,0,4,0.0,14.0,744
腕がねじれる,https://physical-balance-lab.com/744/,0,1,0.0,86.0,744
腕のねじれ 影響,https://physical-balance-lab.com/744/,0,11,0.0,9.909090909090908,744
腰 が 固まる 原因,https://physical-balance-lab.com/1460/,0,1,0.0,68.0,1460
腰 が 硬い,https://physical-balance-lab.com/1460/,0,1,0.0,67.0,1460
腰 こりこり した もの,https://physical-balance-lab.com/1460/,0,2,0.0,48.0,1460
腰 なぜ曲がる,https://physical-balance-lab.com/1150/,0,1,0.0,77.0,1150
腰 の 筋肉 硬い,https://physical-balance-lab.com/1460/,0,3,0.0,74.33333333333333,1460
腰 ゴリゴリ しこり,https://physical-balance-lab.com/1460/,0,1,0.0,51.0,1460
腰 レントゲン,https://physical-balance-lab.com/1002/,0,3,0.0,41.333333333333336,1002
腰 曲がり 手術 体験談,https://physical-balance-lab.com/976/,0,1,0.0,8.0,976
腰 硬い 原因,https://physical-balance-lab.com/1460/,0,3,0.0,73.0,1460
腰 硬い 原因,https://physical-balance-lab.com/1463/,0,1,0.0,96.0,1463
腰 硬い 筋肉,https://physical-balance-lab.com/1460/,0,1,0.0,80.0,1460
腰 筋肉 硬い,https://physical-balance-lab.com/1460/,0,1,0.0,68.0,1460
腰 背骨 出っ張り,https://physical-balance-lab.com/1150/,0,1,0.0,78.0,1150
腰 風邪,https://physical-balance-lab.com/news/%E3%80%90%E9%A2%A8%E9%82%AA%E3%81%A8%E8%85%B0%E7%97%9B%E3%81%AE%E6%84%8F%E5%A4%96%E3%81%AA%E9%96%A2%E4%BF%82%E3%80%91/,0,3,0.0,47.333333333333336,
腰が曲がるのはなぜ,https://physical-balance-lab.com/1150/,0,1,0.0,73.0,1150
腰が曲がる原因 高齢者,https://physical-balance-lab.com/932/,0,1,0.0,3.0,932
腰が曲がる病気,https://physical-balance-lab.com/976/,0,1,0.0,3.0,976
腰が横に曲がる,https://physical-balance-lab.com/1150/,0,1,0.0,57.0,1150
腰が痛い 40代 女性,https://physical-balance-lab.com/1124/,0,1,0.0,41.0,1124
腰が痛い 風邪,https://physical-balance-lab.com/news/%E3%80%90%E9%A2%A8%E9%82%AA%E3%81%A8%E8%85%B0%E7%97%9B%E3%81%AE%E6%84%8F%E5%A4%96%E3%81%AA%E9%96%A2%E4%BF%82%E3%80%91/,0,4,0.0,58.25,
腰が痛いです,https://physical-balance-lab.com/1063/,0,1,0.0,3.0,1063
腰のしこり 腰痛,https://physical-balance-lab.com/1463/,0,1,0.0,90.0,1463
腰のレントゲン,https://physical-balance-lab.com/1002/,0,3,0.0,54.333333333333336,1002
腰の痛み レントゲン,https://physical-balance-lab.com/1002/,0,1,0.0,57.0,1002
腰の痛み レントゲン,https://physical-balance-lab.com/1046/,0,1,0.0,62.0,1046
腰の脇の骨,https://physical-balance-lab.com/1176/,0,1,0.0,3.0,1176
腰コリコリ痛い,https://physical-balance-lab.com/1460/,0,1,0.0,1.0,1460
腰履きスカート,https://physical-balance-lab.com/616/,0,4,0.0,1.0,616
腰方形筋 押す と 痛い,https://physical-balance-lab.com/1460/,0,1,0.0,10.0,1460
腰方形筋 押すと痛い,https://physical-balance-lab.com/1460/,0,1,0.0,22.0,1460
腰方形筋 拮抗筋,https://physical-balance-lab.com/1171/,0,1,0.0,49.0,1171
腰方形筋 硬い 原因,https://physical-balance-lab.com/1463/,0,2,0.0,54.5,1463
腰椎 側 弯症 ストレッチ,https://physical-balance-lab.com/1182/,0,1,0.0,3.0,1182
腰椎 可動域,https://physical-balance-lab.com/1173/,0,1,0.0,19.0,1173
腰椎 可動域,https://physical-balance-lab.com/1457/,0,1,0.0,1.0,1457
腰椎 可動域評価 方法 自分で,https://physical-balance-lab.com/1173/,0,37,0.0,6.5675675675675675,1173
腰椎 回旋 可動域,https://physical-balance-lab.com/1173/,0,1,0.0,76.0,1173
腰椎 回旋可動域,https://physical-balance-lab.com/1173/,0,1,0.0,74.0,1173
腰椎 変性 側 弯症 手術,https://physical-balance-lab.com/976/,0,1,0.0,3.0,976
腰椎 椎間板 ヘルニア 初期 症状,https://physical-balance-lab.com/467/,0,5,0.0,90.4,467
腰椎の可動域,https://physical-balance-lab.com/1173/,0,1,0.0,1.0,1173
腰椎側弯症 手術,https://physical-balance-lab.com/976/,0,2,0.0,3.0,976
腰椎変性側弯症 手術,https://physical-balance-lab.com/976/,0,1,0.0,3.0,976
腰椎椎間板ヘルニア 介護職,https://physical-balance-lab.com/932/,0,1,0.0,60.0,932
腰椎椎間板ヘルニア 初期症状,https://physical-balance-lab.com/467/,0,11,0.0,40.18181818181818,467
腰痛 40代,https://physical-balance-lab.com/1124/,0,4,0.0,48.0,1124
腰痛 40代 女性,https://physical-balance-lab.com/1124/,0,3,0.0,53.666666666666664,1124
腰痛 mri,https://physical-balance-lab.com/1046/,0,1,0.0,101.0,1046
腰痛 しこりがある,https://physical-balance-lab.com/1460/,0,3,0.0,11.0,1460
腰痛 つま先立ち,https://physical-balance-lab.com/620/,0,3,0.0,29.666666666666668,620
腰痛 ぶら下がり 悪化,https://physical-balance-lab.com/1002/,0,1,0.0,74.0,1002
腰痛 ぶら下がり 悪化,https://physical-balance-lab.com/718/,0,1,0.0,61.0,718
腰痛 レントゲン,https://physical-balance-lab.com/1002/,0,7,0.0,63.857142857142854,1002
腰痛 レントゲン,https://physical-balance-lab.com/1046/,0,7,0.0,84.85714285714286,1046
腰痛 レントゲン mri,https://physical-balance-lab.com/1046/,0,5,0.0,51.8,1046
腰痛 レントゲン 異常なし,https://physical-balance-lab.com/1002/,0,1,0.0,32.0,1002
腰痛 レントゲンで何がわかる,https://physical-balance-lab.com/1002/,0,1,0.0,29.0,1002
腰痛 レントゲン写真,https://physical-balance-lab.com/1002/,0,1,0.0,32.0,1002
腰痛 体が曲がる,https://physical-balance-lab.com/1150/,0,1,0.0,62.0,1150
腰痛 体育座り 楽,https://physical-balance-lab.com/1063/,0,13,0.0,4.3076923076923075,1063
腰痛 体育座りできない,https://physical-balance-lab.com/1063/,0,1,0.0,3.0,1063
腰痛 側弯症,https://physical-balance-lab.com/770/,0,2,0.0,77.0,770
腰痛 冬,https://physical-balance-lab.com/news/%E3%80%90%E5%86%AC%E3%81%AE%E8%85%B0%E7%97%9B%E5%AF%BE%E7%AD%96%E3%81%A7%E3%82%84%E3%81%A3%E3%81%A6%E3%81%AF%E3%81%84%E3%81%91%E3%81%AA%E3%81%843%E3%81%A4%E3%81%AE%E3%81%93%E3%81%A8%E3%80%91/,0,6,0.0,77.83333333333333,
腰痛 冬 悪化,https://physical-balance-lab.com/news/%E3%80%90%E5%86%AC%E3%81%AE%E8%85%B0%E7%97%9B%E5%AF%BE%E7%AD%96%E3%81%A7%E3%82%84%E3%81%A3%E3%81%A6%E3%81%AF%E3%81%84%E3%81%91%E3%81%AA%E3%81%843%E3%81%A4%E3%81%AE%E3%81%93%E3%81%A8%E3%80%91/,0,1,0.0,38.0,
腰痛 名古屋栄,https://physical-balance-lab.com/,0,2,0.0,37.5,
腰痛 名古屋栄,https://physical-balance-lab.com/703/,0,62,0.0,86.30645161290323,703
腰痛 坐骨神経痛 違い,https://physical-balance-lab.com/463/,0,2,0.0,31.0,463
腰痛 押すと痛い,https://physical-balance-lab.com/1460/,0,2,0.0,55.0,1460
腰痛 放置,https://physical-balance-lab.com/1140/,0,16,0.0,67.375,1140
腰痛 整体,https://physical-balance-lab.com/,0,10,0.0,13.5,
腰痛 整体 効果,https://physical-balance-lab.com/330/,0,5,0.0,102.0,330
腰痛 硬い,https://physical-balance-lab.com/1460/,0,2,0.0,77.5,1460
腰痛 背骨の横,https://physical-balance-lab.com/1150/,0,1,0.0,45.0,1150
腰痛 足組むと楽,https://physical-balance-lab.com/610/,0,1,0.0,29.0,610
腰痛 風邪,https://physical-balance-lab.com/news/%E3%80%90%E9%A2%A8%E9%82%AA%E3%81%A8%E8%85%B0%E7%97%9B%E3%81%AE%E6%84%8F%E5%A4%96%E3%81%AA%E9%96%A2%E4%BF%82%E3%80%91/,0,25,0.0,34.08,
腰痛 風邪 原因,https://physical-balance-lab.com/news/%E3%80%90%E9%A2%A8%E9%82%AA%E3%81%A8%E8%85%B0%E7%97%9B%E3%81%AE%E6%84%8F%E5%A4%96%E3%81%AA%E9%96%A2%E4%BF%82%E3%80%91/,0,1,0.0,27.0,
腰痛mriでわかること,https://physical-balance-lab.com/1046/,0,5,0.0,90.4,1046
腰痛い レントゲン 異常なし,https://physical-balance-lab.com/1002/,0,1,0.0,63.0,1002
腰痛い 風邪,https://physical-balance-lab.com/news/%E3%80%90%E9%A2%A8%E9%82%AA%E3%81%A8%E8%85%B0%E7%97%9B%E3%81%AE%E6%84%8F%E5%A4%96%E3%81%AA%E9%96%A2%E4%BF%82%E3%80%91/,0,9,0.0,1.0,
腰痛い風邪,https://physical-balance-lab.com/news/%E3%80%90%E9%A2%A8%E9%82%AA%E3%81%A8%E8%85%B0%E7%97%9B%E3%81%AE%E6%84%8F%E5%A4%96%E3%81%AA%E9%96%A2%E4%BF%82%E3%80%91/,0,1,0.0,1.0,
腰痛から風邪,https://physical-balance-lab.com/news/%E3%80%90%E9%A2%A8%E9%82%AA%E3%81%A8%E8%85%B0%E7%97%9B%E3%81%AE%E6%84%8F%E5%A4%96%E3%81%AA%E9%96%A2%E4%BF%82%E3%80%91/,0,1,0.0,10.0,
腰痛と坐骨神経痛の違い,https://physical-balance-lab.com/463/,0,1,0.0,1.0,463
腰痛ならない人,https://physical-balance-lab.com/1014/,0,1,0.0,55.0,1014
腰痛予防 ボディメカニクス,https://physical-balance-lab.com/932/,0,2,0.0,29.5,932
腰痛整体,https://physical-balance-lab.com/,0,2,0.0,17.0,
腰痛整体 名古屋,https://physical-balance-lab.com/,0,1,0.0,25.0,
腰痛風邪,https://physical-balance-lab.com/news/%E3%80%90%E9%A2%A8%E9%82%AA%E3%81%A8%E8%85%B0%E7%97%9B%E3%81%AE%E6%84%8F%E5%A4%96%E3%81%AA%E9%96%A2%E4%BF%82%E3%80%91/,0,9,0.0,40.666666666666664,
腰骨 レントゲン,https://physical-balance-lab.com/1002/,0,1,0.0,70.0,1002
腹斜筋,https://physical-balance-lab.com/1171/,0,1,0.0,2.0,1171
腹筋 できない 首痛い,https://physical-balance-lab.com/593/,0,16,0.0,28.1875,593
腹筋 首 痛い,https://physical-balance-lab.com/593/,0,21,0.0,38.142857142857146,593
腹筋 首 痛め た 治療,https://physical-balance-lab.com/593/,0,7,0.0,7.714285714285714,593
腹筋 首 筋肉痛,https://physical-balance-lab.com/593/,0,1,0.0,19.0,593
腹筋 首が痛い,https://physical-balance-lab.com/593/,0,8,0.0,24.5,593
腹筋 首が痛くなる,https://physical-balance-lab.com/593/,0,1,0.0,28.0,593
腹筋 首だけ,https://physical-balance-lab.com/593/,0,1,0.0,34.0,593
腹筋 首痛い,https://physical-balance-lab.com/593/,0,4,0.0,43.5,593
腹筋 首痛めた,https://physical-balance-lab.com/593/,0,1,0.0,16.0,593
腹筋1000回 時間,https://physical-balance-lab.com/593/,0,1,0.0,51.0,593
腹筋で首が痛くなる,https://physical-balance-lab.com/593/,0,1,0.0,31.0,593
腹筋で首を痛めたら,https://physical-balance-lab.com/593/,0,1,0.0,10.0,593
腹筋首痛い,https://physical-balance-lab.com/593/,0,5,0.0,45.4,593
膝 ねじれ,https://physical-balance-lab.com/1159/,0,11,0.0,44.45454545454545,1159
膝 ねじれてる感じ,https://physical-balance-lab.com/1159/,0,1,0.0,56.0,1159
膝 ねじれチェック,https://physical-balance-lab.com/1159/,0,1,0.0,77.0,1159
膝がねじれる感じ,https://physical-balance-lab.com/1159/,0,1,0.0,30.0,1159
膝が痛い ゴルフ,https://physical-balance-lab.com/804/,0,1,0.0,44.0,804
膝のねじれ,https://physical-balance-lab.com/1159/,0,5,0.0,49.4,1159
膝のねじれ 内側,https://physical-balance-lab.com/1159/,0,1,0.0,46.0,1159
膝のねじれ 整体,https://physical-balance-lab.com/1159/,0,3,0.0,22.666666666666668,1159
膝の痛み ゴルフ,https://physical-balance-lab.com/804/,0,3,0.0,37.333333333333336,804
自律神経 レッドコード,https://physical-balance-lab.com/1569/,0,1,0.0,13.0,1569
自律神経 レッドコード,https://physical-balance-lab.com/news/%E3%80%90%E8%87%AA%E5%BE%8B%E7%A5%9E%E7%B5%8C%E3%81%AE%E4%B9%B1%E3%82%8C%E3%81%AB%E6%B0%97%E3%82%92%E3%81%A4%E3%81%91%E3%81%A6%EF%BC%81%E3%80%91/,0,2,0.0,6.5,
藤が丘 肩こり,https://physical-balance-lab.com/,0,3,0.0,38.333333333333336,
術後慢性痛,https://physical-balance-lab.com/976/,0,1,0.0,2.0,976
装具療法,https://physical-balance-lab.com/965/,0,2,0.0,7.5,965
赤いコード,https://physical-balance-lab.com/,0,1,0.0,12.0,
足 組まないようにする,https://physical-balance-lab.com/610/,0,1,0.0,82.0,610
足のねじれを治す方法,https://physical-balance-lab.com/1159/,0,1,0.0,69.0,1159
足の開き 左右差,https://physical-balance-lab.com/1055/,0,1,0.0,94.0,1055
足を組む 腰痛,https://physical-balance-lab.com/610/,0,2,0.0,35.5,610
足を組むのは良くない,https://physical-balance-lab.com/610/,0,1,0.0,69.0,610
足組み 腰痛,https://physical-balance-lab.com/610/,0,1,0.0,37.0,610
足組む 腰痛い,https://physical-balance-lab.com/610/,0,1,0.0,35.0,610
足重心どこ,https://physical-balance-lab.com/620/,0,1,0.0,3.0,620
転倒予防体操 座位,https://physical-balance-lab.com/1063/,0,1,0.0,10.0,1063
軸ズレ,https://physical-balance-lab.com/1142/,0,1,0.0,68.0,1142
軸ズレとは,https://physical-balance-lab.com/1142/,0,4,0.0,8.0,1142
軽くなった右肩,https://physical-balance-lab.com/672/,0,1,0.0,8.0,672
酸素カプセル,https://physical-balance-lab.com/,0,1,0.0,1.0,
酸素カプセル 名東区,https://physical-balance-lab.com/,0,1,0.0,2.0,
酸素カプセル 名東区,https://physical-balance-lab.com/about/,0,1,0.0,2.0,
重心 つま先,https://physical-balance-lab.com/620/,0,4,0.0,1.0,620
重心がかかる,https://physical-balance-lab.com/620/,0,1,0.0,19.0,620
重心が偏る,https://physical-balance-lab.com/620/,0,9,0.0,1.0,620
長時間体育座り,https://physical-balance-lab.com/1063/,0,2,0.0,11.5,1063
関節ラボ整体院,https://physical-balance-lab.com/,0,1,0.0,12.0,
電動工具ミルウォーキー,https://physical-balance-lab.com/965/,0,1,0.0,2.0,965
電磁パルスとは,https://physical-balance-lab.com/441/,0,2,0.0,3.0,441
電磁場治療法,https://physical-balance-lab.com/441/,0,317,0.0,24.697160883280755,441
頚椎 つまり 解消,https://physical-balance-lab.com/612/,0,1,0.0,12.0,612
頚椎後弯症 ストレッチ,https://physical-balance-lab.com/612/,0,1,0.0,54.0,612
頚椎症 ストレッチ,https://physical-balance-lab.com/,0,1,0.0,65.0,
頚椎症 上を向く,https://physical-balance-lab.com/612/,0,1,0.0,21.0,612
頸椎 詰まり,https://physical-balance-lab.com/612/,0,5,0.0,5.2,612
風呂上がり ストレッチ 自律神経,https://physical-balance-lab.com/news/%E3%80%90%E8%87%AA%E5%BE%8B%E7%A5%9E%E7%B5%8C%E3%81%AE%E4%B9%B1%E3%82%8C%E3%81%AB%E6%B0%97%E3%82%92%E3%81%A4%E3%81%91%E3%81%A6%EF%BC%81%E3%80%91/,0,1,0.0,56.0,
風邪 ぎっくり腰,https://physical-balance-lab.com/news/%E3%80%90%E9%A2%A8%E9%82%AA%E3%81%A8%E8%85%B0%E7%97%9B%E3%81%AE%E6%84%8F%E5%A4%96%E3%81%AA%E9%96%A2%E4%BF%82%E3%80%91/,0,2,0.0,39.5,
風邪 寝違え,https://physical-balance-lab.com/news/%E3%80%90%E9%A2%A8%E9%82%AA%E3%81%A8%E8%85%B0%E7%97%9B%E3%81%AE%E6%84%8F%E5%A4%96%E3%81%AA%E9%96%A2%E4%BF%82%E3%80%91/,0,1,0.0,78.0,
風邪 腰,https://physical-balance-lab.com/news/%E3%80%90%E9%A2%A8%E9%82%AA%E3%81%A8%E8%85%B0%E7%97%9B%E3%81%AE%E6%84%8F%E5%A4%96%E3%81%AA%E9%96%A2%E4%BF%82%E3%80%91/,0,2,0.0,35.0,
風邪 腰 が 痛い,https://physical-balance-lab.com/news/%E3%80%90%E9%A2%A8%E9%82%AA%E3%81%A8%E8%85%B0%E7%97%9B%E3%81%AE%E6%84%8F%E5%A4%96%E3%81%AA%E9%96%A2%E4%BF%82%E3%80%91/,0,3,0.0,50.0,
風邪 腰 痛い,https://physical-balance-lab.com/news/%E3%80%90%E9%A2%A8%E9%82%AA%E3%81%A8%E8%85%B0%E7%97%9B%E3%81%AE%E6%84%8F%E5%A4%96%E3%81%AA%E9%96%A2%E4%BF%82%E3%80%91/,0,1,0.0,3.0,
風邪 腰が痛い,https://physical-balance-lab.com/news/%E3%80%90%E9%A2%A8%E9%82%AA%E3%81%A8%E8%85%B0%E7%97%9B%E3%81%AE%E6%84%8F%E5%A4%96%E3%81%AA%E9%96%A2%E4%BF%82%E3%80%91/,0,12,0.0,24.916666666666668,
風邪 腰が痛い なぜ,https://physical-balance-lab.com/news/%E3%80%90%E9%A2%A8%E9%82%AA%E3%81%A8%E8%85%B0%E7%97%9B%E3%81%AE%E6%84%8F%E5%A4%96%E3%81%AA%E9%96%A2%E4%BF%82%E3%80%91/,0,1,0.0,10.0,
風邪 腰が痛くなる,https://physical-balance-lab.com/news/%E3%80%90%E9%A2%A8%E9%82%AA%E3%81%A8%E8%85%B0%E7%97%9B%E3%81%AE%E6%84%8F%E5%A4%96%E3%81%AA%E9%96%A2%E4%BF%82%E3%80%91/,0,2,0.0,1.0,
風邪 腰の痛み,https://physical-balance-lab.com/news/%E3%80%90%E9%A2%A8%E9%82%AA%E3%81%A8%E8%85%B0%E7%97%9B%E3%81%AE%E6%84%8F%E5%A4%96%E3%81%AA%E9%96%A2%E4%BF%82%E3%80%91/,0,7,0.0,25.714285714285715,
風邪 腰痛 い なぜ,https://physical-balance-lab.com/news/%E3%80%90%E9%A2%A8%E9%82%AA%E3%81%A8%E8%85%B0%E7%97%9B%E3%81%AE%E6%84%8F%E5%A4%96%E3%81%AA%E9%96%A2%E4%BF%82%E3%80%91/,0,3,0.0,25.0,
風邪 腰痛 なぜ,https://physical-balance-lab.com/news/%E3%80%90%E9%A2%A8%E9%82%AA%E3%81%A8%E8%85%B0%E7%97%9B%E3%81%AE%E6%84%8F%E5%A4%96%E3%81%AA%E9%96%A2%E4%BF%82%E3%80%91/,0,3,0.0,20.666666666666668,
風邪 腰痛 原因,https://physical-balance-lab.com/news/%E3%80%90%E9%A2%A8%E9%82%AA%E3%81%A8%E8%85%B0%E7%97%9B%E3%81%AE%E6%84%8F%E5%A4%96%E3%81%AA%E9%96%A2%E4%BF%82%E3%80%91/,0,48,0.0,8.666666666666668,
風邪 腰痛 関係,https://physical-balance-lab.com/news/%E3%80%90%E9%A2%A8%E9%82%AA%E3%81%A8%E8%85%B0%E7%97%9B%E3%81%AE%E6%84%8F%E5%A4%96%E3%81%AA%E9%96%A2%E4%BF%82%E3%80%91/,0,41,0.0,6.121951219512195,
風邪 腰痛い,https://physical-balance-lab.com/news/%E3%80%90%E9%A2%A8%E9%82%AA%E3%81%A8%E8%85%B0%E7%97%9B%E3%81%AE%E6%84%8F%E5%A4%96%E3%81%AA%E9%96%A2%E4%BF%82%E3%80%91/,0,53,0.0,21.11320754716981,
風邪 腰痛い なぜ,https://physical-balance-lab.com/news/%E3%80%90%E9%A2%A8%E9%82%AA%E3%81%A8%E8%85%B0%E7%97%9B%E3%81%AE%E6%84%8F%E5%A4%96%E3%81%AA%E9%96%A2%E4%BF%82%E3%80%91/,0,4,0.0,6.0,
風邪 腰痛くなる,https://physical-balance-lab.com/news/%E3%80%90%E9%A2%A8%E9%82%AA%E3%81%A8%E8%85%B0%E7%97%9B%E3%81%AE%E6%84%8F%E5%A4%96%E3%81%AA%E9%96%A2%E4%BF%82%E3%80%91/,0,1,0.0,1.0,
風邪 腰痛み,https://physical-balance-lab.com/news/%E3%80%90%E9%A2%A8%E9%82%AA%E3%81%A8%E8%85%B0%E7%97%9B%E3%81%AE%E6%84%8F%E5%A4%96%E3%81%AA%E9%96%A2%E4%BF%82%E3%80%91/,0,2,0.0,1.0,
風邪からくる腰痛,https://physical-balance-lab.com/news/%E3%80%90%E9%A2%A8%E9%82%AA%E3%81%A8%E8%85%B0%E7%97%9B%E3%81%AE%E6%84%8F%E5%A4%96%E3%81%AA%E9%96%A2%E4%BF%82%E3%80%91/,0,2,0.0,1.0,
風邪から腰痛,https://physical-balance-lab.com/news/%E3%80%90%E9%A2%A8%E9%82%AA%E3%81%A8%E8%85%B0%E7%97%9B%E3%81%AE%E6%84%8F%E5%A4%96%E3%81%AA%E9%96%A2%E4%BF%82%E3%80%91/,0,4,0.0,13.25,
風邪で腰が痛い,https://physical-balance-lab.com/news/%E3%80%90%E9%A2%A8%E9%82%AA%E3%81%A8%E8%85%B0%E7%97%9B%E3%81%AE%E6%84%8F%E5%A4%96%E3%81%AA%E9%96%A2%E4%BF%82%E3%80%91/,0,8,0.0,39.75,
風邪で腰痛,https://physical-balance-lab.com/news/%E3%80%90%E9%A2%A8%E9%82%AA%E3%81%A8%E8%85%B0%E7%97%9B%E3%81%AE%E6%84%8F%E5%A4%96%E3%81%AA%E9%96%A2%E4%BF%82%E3%80%91/,0,4,0.0,17.75,
風邪と腰痛,https://physical-balance-lab.com/news/%E3%80%90%E9%A2%A8%E9%82%AA%E3%81%A8%E8%85%B0%E7%97%9B%E3%81%AE%E6%84%8F%E5%A4%96%E3%81%AA%E9%96%A2%E4%BF%82%E3%80%91/,0,3,0.0,13.333333333333334,
風邪と腰痛の関係,https://physical-balance-lab.com/news/%E3%80%90%E9%A2%A8%E9%82%AA%E3%81%A8%E8%85%B0%E7%97%9B%E3%81%AE%E6%84%8F%E5%A4%96%E3%81%AA%E9%96%A2%E4%BF%82%E3%80%91/,0,34,0.0,10.235294117647058,
風邪の引き始め 腰が痛い,https://physical-balance-lab.com/news/%E3%80%90%E9%A2%A8%E9%82%AA%E3%81%A8%E8%85%B0%E7%97%9B%E3%81%AE%E6%84%8F%E5%A4%96%E3%81%AA%E9%96%A2%E4%BF%82%E3%80%91/,0,1,0.0,1.0,
風邪の後 腰が痛い,https://physical-balance-lab.com/news/%E3%80%90%E9%A2%A8%E9%82%AA%E3%81%A8%E8%85%B0%E7%97%9B%E3%81%AE%E6%84%8F%E5%A4%96%E3%81%AA%E9%96%A2%E4%BF%82%E3%80%91/,0,1,0.0,9.0,
風邪の後 腰痛,https://physical-balance-lab.com/news/%E3%80%90%E9%A2%A8%E9%82%AA%E3%81%A8%E8%85%B0%E7%97%9B%E3%81%AE%E6%84%8F%E5%A4%96%E3%81%AA%E9%96%A2%E4%BF%82%E3%80%91/,0,5,0.0,20.6,
風邪の後腰が痛い,https://physical-balance-lab.com/news/%E3%80%90%E9%A2%A8%E9%82%AA%E3%81%A8%E8%85%B0%E7%97%9B%E3%81%AE%E6%84%8F%E5%A4%96%E3%81%AA%E9%96%A2%E4%BF%82%E3%80%91/,0,1,0.0,1.0,
風邪の時 腰痛い,https://physical-balance-lab.com/news/%E3%80%90%E9%A2%A8%E9%82%AA%E3%81%A8%E8%85%B0%E7%97%9B%E3%81%AE%E6%84%8F%E5%A4%96%E3%81%AA%E9%96%A2%E4%BF%82%E3%80%91/,0,1,0.0,2.0,
風邪ひいて腰が痛い,https://physical-balance-lab.com/news/%E3%80%90%E9%A2%A8%E9%82%AA%E3%81%A8%E8%85%B0%E7%97%9B%E3%81%AE%E6%84%8F%E5%A4%96%E3%81%AA%E9%96%A2%E4%BF%82%E3%80%91/,0,1,0.0,1.0,
風邪ひく 腰痛い,https://physical-balance-lab.com/news/%E3%80%90%E9%A2%A8%E9%82%AA%E3%81%A8%E8%85%B0%E7%97%9B%E3%81%AE%E6%84%8F%E5%A4%96%E3%81%AA%E9%96%A2%E4%BF%82%E3%80%91/,0,3,0.0,12.0,
風邪ひくと腰が痛くなる,https://physical-balance-lab.com/news/%E3%80%90%E9%A2%A8%E9%82%AA%E3%81%A8%E8%85%B0%E7%97%9B%E3%81%AE%E6%84%8F%E5%A4%96%E3%81%AA%E9%96%A2%E4%BF%82%E3%80%91/,0,19,0.0,11.894736842105264,
風邪をひいて腰が痛い,https://physical-balance-lab.com/news/%E3%80%90%E9%A2%A8%E9%82%AA%E3%81%A8%E8%85%B0%E7%97%9B%E3%81%AE%E6%84%8F%E5%A4%96%E3%81%AA%E9%96%A2%E4%BF%82%E3%80%91/,0,1,0.0,10.0,
風邪を引くと腰が痛い,https://physical-balance-lab.com/news/%E3%80%90%E9%A2%A8%E9%82%AA%E3%81%A8%E8%85%B0%E7%97%9B%E3%81%AE%E6%84%8F%E5%A4%96%E3%81%AA%E9%96%A2%E4%BF%82%E3%80%91/,0,2,0.0,1.0,
風邪引いたら腰が痛い,https://physical-balance-lab.com/news/%E3%80%90%E9%A2%A8%E9%82%AA%E3%81%A8%E8%85%B0%E7%97%9B%E3%81%AE%E6%84%8F%E5%A4%96%E3%81%AA%E9%96%A2%E4%BF%82%E3%80%91/,0,2,0.0,1.5,
風邪引くと腰が痛い,https://physical-balance-lab.com/news/%E3%80%90%E9%A2%A8%E9%82%AA%E3%81%A8%E8%85%B0%E7%97%9B%E3%81%AE%E6%84%8F%E5%A4%96%E3%81%AA%E9%96%A2%E4%BF%82%E3%80%91/,0,5,0.0,3.2,
風邪引くと腰が痛い なぜ,https://physical-balance-lab.com/news/%E3%80%90%E9%A2%A8%E9%82%AA%E3%81%A8%E8%85%B0%E7%97%9B%E3%81%AE%E6%84%8F%E5%A4%96%E3%81%AA%E9%96%A2%E4%BF%82%E3%80%91/,0,1,0.0,13.0,
風邪引くと腰が痛くなる,https://physical-balance-lab.com/news/%E3%80%90%E9%A2%A8%E9%82%AA%E3%81%A8%E8%85%B0%E7%97%9B%E3%81%AE%E6%84%8F%E5%A4%96%E3%81%AA%E9%96%A2%E4%BF%82%E3%80%91/,0,1,0.0,10.0,
風邪気味 腰が痛い,https://physical-balance-lab.com/news/%E3%80%90%E9%A2%A8%E9%82%AA%E3%81%A8%E8%85%B0%E7%97%9B%E3%81%AE%E6%84%8F%E5%A4%96%E3%81%AA%E9%96%A2%E4%BF%82%E3%80%91/,0,1,0.0,3.0,
風邪腰痛,https://physical-balance-lab.com/news/%E3%80%90%E9%A2%A8%E9%82%AA%E3%81%A8%E8%85%B0%E7%97%9B%E3%81%AE%E6%84%8F%E5%A4%96%E3%81%AA%E9%96%A2%E4%BF%82%E3%80%91/,0,5,0.0,35.0,
風邪腰痛い,https://physical-balance-lab.com/news/%E3%80%90%E9%A2%A8%E9%82%AA%E3%81%A8%E8%85%B0%E7%97%9B%E3%81%AE%E6%84%8F%E5%A4%96%E3%81%AA%E9%96%A2%E4%BF%82%E3%80%91/,0,11,0.0,11.727272727272727,
首 つまり,https://physical-balance-lab.com/612/,0,23,0.0,1.0,612
首 つまる,https://physical-balance-lab.com/612/,0,1,0.0,1.0,612
首 上を向くと痛い,https://physical-balance-lab.com/612/,0,7,0.0,71.14285714285714,612
首 上を向くと詰まる,https://physical-balance-lab.com/612/,0,14,0.0,2.357142857142857,612
首 上向くと詰まる,https://physical-balance-lab.com/612/,0,18,0.0,8.88888888888889,612
首 上向けない,https://physical-balance-lab.com/612/,0,3,0.0,98.33333333333333,612
首 固まる,https://physical-balance-lab.com/612/,0,1,0.0,66.0,612
首 後ろ 詰まる,https://physical-balance-lab.com/612/,0,1,0.0,27.0,612
首 後弯症 ストレッチ,https://physical-balance-lab.com/612/,0,1,0.0,59.0,612
首 詰まり,https://physical-balance-lab.com/612/,0,61,0.0,1.0,612
首 詰まる,https://physical-balance-lab.com/612/,0,16,0.0,2.5625,612
首がつまる,https://physical-balance-lab.com/612/,0,18,0.0,5.166666666666667,612
首が上を向いてしまう,https://physical-balance-lab.com/612/,0,2,0.0,13.5,612
首が痛くて上を向けない,https://physical-balance-lab.com/612/,0,1,0.0,91.0,612
首が痛くならない腹筋,https://physical-balance-lab.com/593/,0,1,0.0,40.0,593
首が絞まる,https://physical-balance-lab.com/612/,0,3,0.0,9.666666666666666,612
首が詰まる,https://physical-balance-lab.com/612/,0,86,0.0,2.755813953488372,612
首が詰まる ストレッチ,https://physical-balance-lab.com/612/,0,1,0.0,40.0,612
首が詰まるとは,https://physical-balance-lab.com/612/,0,9,0.0,11.11111111111111,612
首が詰まる感じ,https://physical-balance-lab.com/612/,0,2,0.0,34.5,612
首が詰まる感じ ストレス,https://physical-balance-lab.com/612/,0,1,0.0,70.0,612
首が詰まる感覚,https://physical-balance-lab.com/612/,0,2,0.0,23.5,612
首こり 上を向くと痛い,https://physical-balance-lab.com/612/,0,2,0.0,52.5,612
首こりがひどいとどうなる,https://physical-balance-lab.com/729/,0,1,0.0,58.0,729
首つまり,https://physical-balance-lab.com/612/,0,21,0.0,3.380952380952381,612
首のつまり,https://physical-balance-lab.com/612/,0,101,0.0,1.0,612
首の後ろが詰まる感じ,https://physical-balance-lab.com/612/,0,1,0.0,77.0,612
首の後ろの詰まり,https://physical-balance-lab.com/612/,0,1,0.0,43.0,612
首の詰まり,https://physical-balance-lab.com/612/,0,333,0.0,1.1951951951951951,612
首を後ろに倒すとめまい,https://physical-balance-lab.com/729/,0,1,0.0,45.0,729
首上,https://physical-balance-lab.com/612/,0,1,0.0,99.0,612
首上を向くと痛い,https://physical-balance-lab.com/612/,0,1,0.0,59.0,612
首上向けない,https://physical-balance-lab.com/612/,0,1,0.0,94.0,612
首寝違え 筋トレ,https://physical-balance-lab.com/593/,0,1,0.0,58.0,593
首詰まった感じ,https://physical-balance-lab.com/612/,0,1,0.0,59.0,612
首詰まり,https://physical-balance-lab.com/612/,0,62,0.0,1.0,612
首詰まる,https://physical-balance-lab.com/612/,0,13,0.0,1.0,612
骨盤 かゆい,https://physical-balance-lab.com/976/,0,1,0.0,88.0,976
骨盤 歪み 整体,https://physical-balance-lab.com/1055/,0,1,0.0,98.0,1055
骨盤を正しい位置に戻す方法,https://physical-balance-lab.com/1173/,0,2,0.0,1.0,1173
骨盤ストレッチ整体 b 名古屋市中区錦,https://physical-balance-lab.com/,0,9,0.0,38.111111111111114,
骨粗鬆症 整体,https://physical-balance-lab.com/978/,0,1,0.0,69.0,978
骨膜整体,https://physical-balance-lab.com/,0,1,0.0,5.0,
骨膜整体,https://physical-balance-lab.com/about/,0,1,0.0,5.0,
高齢者 側弯症 リハビリ,https://physical-balance-lab.com/1191/,0,1,0.0,27.0,1191
