post_id,title,slug,link,date,modified,featured_media,featured_url,featured_reuse_count,featured_needs_replacement,total_body_images,fixed_body_images,article_specific_body_images,article_image_ids,article_image_urls,body_images_to_add_for_target_3,h2_count
1827,腰痛が坂道で強くなるのはなぜ？股関節と背骨の負担を解説,adult-scoliosis-slope-walking-low-back-pain-guide,https://physical-balance-lab.com/1827/,2026-07-21T23:00:00,2026-07-21T19:20:40,0,,0,True,2,2,0,,,3,6
1773,思春期特発性側弯症は成長期にどれくらい進みやすい？身長の伸びとコブ角の見方！,ais-growth-spurt-progression-cobb-angle-guide,https://physical-balance-lab.com/1773/,2026-07-08T12:30:00,2026-06-29T19:08:03,314,https://physical-balance-lab.com/wp/wp-content/uploads/2024/05/eyecatch.jpg,217,True,2,2,0,,,3,6
1777,側弯症で長く座ると腰が重くなるのはなぜ？骨盤の傾きと座り方をやさしく解説,adult-scoliosis-sitting-low-back-heaviness-guide,https://physical-balance-lab.com/1777/,2026-07-01T12:30:00,2026-07-17T20:44:36,314,https://physical-balance-lab.com/wp/wp-content/uploads/2024/05/eyecatch.jpg,217,True,2,2,0,,,3,6
1775,朝起きると腰が痛いのはなぜ？寝返りと股関節のこわばりをやさしく解説！,morning-low-back-pain-turning-over-hip-stiffness-guide,https://physical-balance-lab.com/1775/,2026-06-29T12:30:00,2026-06-22T10:33:38,314,https://physical-balance-lab.com/wp/wp-content/uploads/2024/05/eyecatch.jpg,217,True,2,2,0,,,3,6
1776,階段を上ると股関節が痛いのはなぜ？お尻の筋力と骨盤の安定性をやさしく解説！,hip-pain-stairs-gluteal-strength-pelvic-stability-guide,https://physical-balance-lab.com/1776/,2026-06-27T12:30:00,2026-06-22T10:29:33,314,https://physical-balance-lab.com/wp/wp-content/uploads/2024/05/eyecatch.jpg,217,True,2,2,0,,,3,6
1767,思春期特発性側弯症で運動は何をすればいい？自宅ケアと医療フォローの考え方！,ais-exercise-home-care-medical-follow-up-guide,https://physical-balance-lab.com/1767/,2026-06-25T12:30:00,2026-06-22T10:25:10,314,https://physical-balance-lab.com/wp/wp-content/uploads/2024/05/eyecatch.jpg,217,True,2,2,0,,,3,6
1756,側弯症で歩くと腰が痛いのはなぜ？歩幅と骨盤の使い方をやさしく解説,adult-scoliosis-low-back-pain-walking-guide,https://physical-balance-lab.com/1756/,2026-06-01T10:42:21,2026-07-17T20:44:35,314,https://physical-balance-lab.com/wp/wp-content/uploads/2024/05/eyecatch.jpg,217,True,2,2,0,,,3,6
1752,歩くと股関節の横が痛いのはなぜ？お尻の横の負担と骨盤の安定性をやさしく解説,lateral-hip-pain-walking-pelvic-stability-guide,https://physical-balance-lab.com/1752/,2026-05-23T16:51:34,2026-05-23T16:51:34,314,https://physical-balance-lab.com/wp/wp-content/uploads/2024/05/eyecatch.jpg,217,True,2,2,0,,,3,6
1749,片側の肩こりが続くのはなぜ？胸郭のかたさと体幹の左右差をやさしく解説！,one-sided-shoulder-stiffness-thoracic-rigidity-asymmetry-guide,https://physical-balance-lab.com/1749/,2026-05-19T13:10:35,2026-05-19T13:10:35,314,https://physical-balance-lab.com/wp/wp-content/uploads/2024/05/eyecatch.jpg,217,True,2,2,0,,,3,6
1747,股関節が硬いと腰痛が続くのはなぜ？骨盤と背骨の連動をやさしく解説,hip-stiffness-low-back-pain-spinopelvic-link-guide,https://physical-balance-lab.com/1747/,2026-05-18T15:40:30,2026-05-18T15:40:30,314,https://physical-balance-lab.com/wp/wp-content/uploads/2024/05/eyecatch.jpg,217,True,2,2,0,,,3,6
1736,側弯症で立ちっぱなしだと腰が痛くなるのはなぜ？体の支え方のクセをやさしく解説,adult-scoliosis-low-back-pain-standing-balance-guide,https://physical-balance-lab.com/1736/,2026-05-05T17:41:40,2026-07-17T20:44:34,314,https://physical-balance-lab.com/wp/wp-content/uploads/2024/05/eyecatch.jpg,217,True,2,2,0,,,3,6
1769,背中の片側だけ盛り上がるのはなぜ？胸郭のねじれと背骨の並び方をやさしく解説！,one-sided-back-rib-hump-trunk-asymmetry-guide,https://physical-balance-lab.com/1769/,2026-05-04T12:30:00,2026-06-18T19:51:21,314,https://physical-balance-lab.com/wp/wp-content/uploads/2024/05/eyecatch.jpg,217,True,2,2,0,,,3,6
1768,側弯症だと背中や腰が疲れやすいのはなぜ？筋肉の左右差をやさしく解説,adult-scoliosis-back-low-back-fatigue-sagittal-balance-guide,https://physical-balance-lab.com/1768/,2026-05-01T12:30:00,2026-07-17T20:44:36,314,https://physical-balance-lab.com/wp/wp-content/uploads/2024/05/eyecatch.jpg,217,True,2,2,0,,,3,6
1739,良い姿勢が子供の集中力と学習効率を高める理由,%e8%89%af%e3%81%84%e5%a7%bf%e5%8b%a2%e3%81%8c%e5%ad%90%e4%be%9b%e3%81%ae%e9%9b%86%e4%b8%ad%e5%8a%9b%e3%81%a8%e5%ad%a6%e7%bf%92%e5%8a%b9%e7%8e%87%e3%82%92%e9%ab%98%e3%82%81%e3%82%8b%e7%90%86%e7%94%b1,https://physical-balance-lab.com/1739/,2026-04-23T12:51:27,2026-04-23T12:51:27,314,https://physical-balance-lab.com/wp/wp-content/uploads/2024/05/eyecatch.jpg,217,True,2,2,0,,,3,5
1741,肩の高さが左右で違うのはなぜ？胸郭のねじれと体幹の非対称をやさしく解説,shoulder-height-difference-trunk-asymmetry-guide,https://physical-balance-lab.com/1741/,2026-04-20T17:29:34,2026-04-20T17:29:34,314,https://physical-balance-lab.com/wp/wp-content/uploads/2024/05/eyecatch.jpg,217,True,2,2,0,,,3,6
1742,思春期特発性側弯症で装具をすすめられたらどうする？運動だけで様子見しないための考え方,ais-brace-recommendation-exercise-observation-guide,https://physical-balance-lab.com/1742/,2026-04-14T17:50:25,2026-04-14T17:50:25,314,https://physical-balance-lab.com/wp/wp-content/uploads/2024/05/eyecatch.jpg,217,True,2,2,0,,,3,6
1734,学校検診で側弯症を指摘されたら様子見でいい？思春期特発性側弯症の受診タイミング,ais-school-screening-next-step,https://physical-balance-lab.com/1734/,2026-04-06T13:41:50,2026-04-06T13:41:50,314,https://physical-balance-lab.com/wp/wp-content/uploads/2024/05/eyecatch.jpg,217,True,2,2,0,,,3,6
1732,側弯症で歩くと太ももの前側が痛いのはなぜ？股関節と骨盤の負担をやさしく解説,adult-scoliosis-hip-front-pain-gait-guide,https://physical-balance-lab.com/1732/,2026-04-01T14:14:57,2026-07-17T20:44:33,314,https://physical-balance-lab.com/wp/wp-content/uploads/2024/05/eyecatch.jpg,217,True,2,2,0,,,3,6
1730,側弯症で立ち上がるとき腰が痛いのはなぜ？骨盤と股関節の動きをやさしく解説,adult-scoliosis-low-back-pain-sit-to-stand-guide,https://physical-balance-lab.com/1730/,2026-03-24T00:01:16,2026-07-17T20:44:32,314,https://physical-balance-lab.com/wp/wp-content/uploads/2024/05/eyecatch.jpg,217,True,2,2,0,,,3,6
1724,側弯症で股関節が片側だけ痛いのはなぜ？骨盤の傾きと負担をやさしく解説,adult-scoliosis-hip-pain-pelvic-tilt-guide,https://physical-balance-lab.com/1724/,2026-03-20T17:22:25,2026-07-17T20:44:31,314,https://physical-balance-lab.com/wp/wp-content/uploads/2024/05/eyecatch.jpg,217,True,2,2,0,,,3,6
1714,側弯症の腰痛はなぜ続く？背骨の並びと負担の集まり方をやさしく解説,adult-scoliosis-low-back-pain-asymmetry-guide,https://physical-balance-lab.com/1714/,2026-03-13T13:34:24,2026-07-17T20:44:30,314,https://physical-balance-lab.com/wp/wp-content/uploads/2024/05/eyecatch.jpg,217,True,2,2,0,,,3,6
1699,猫背が胃もたれ・逆流を悪化させる理由をエビデンス解説〜姿勢と消化器の意外な関係〜,%e7%8c%ab%e8%83%8c%e3%81%8c%e8%83%83%e3%82%82%e3%81%9f%e3%82%8c%e3%83%bb%e9%80%86%e6%b5%81%e3%82%92%e6%82%aa%e5%8c%96%e3%81%95%e3%81%9b%e3%82%8b%e7%90%86%e7%94%b1%e3%82%92%e3%82%a8%e3%83%93%e3%83%87,https://physical-balance-lab.com/1699/,2026-03-11T18:43:06,2026-03-11T18:43:06,314,https://physical-balance-lab.com/wp/wp-content/uploads/2024/05/eyecatch.jpg,217,True,2,2,0,,,3,5
1700,猫背が呼吸機能を低下させる理由をエビデンス解説〜姿勢と肺活量の意外な関係〜,%e7%8c%ab%e8%83%8c%e3%81%8c%e5%91%bc%e5%90%b8%e6%a9%9f%e8%83%bd%e3%82%92%e4%bd%8e%e4%b8%8b%e3%81%95%e3%81%9b%e3%82%8b%e7%90%86%e7%94%b1%e3%82%92%e3%82%a8%e3%83%93%e3%83%87%e3%83%b3%e3%82%b9%e8%a7%a3,https://physical-balance-lab.com/1700/,2026-02-27T16:21:49,2026-02-27T16:21:49,314,https://physical-balance-lab.com/wp/wp-content/uploads/2024/05/eyecatch.jpg,217,True,2,2,0,,,3,5
1695,子供の姿勢改善に親ができることと相談するタイミング,%e5%ad%90%e4%be%9b%e3%81%ae%e5%a7%bf%e5%8b%a2%e6%94%b9%e5%96%84%e3%81%ab%e8%a6%aa%e3%81%8c%e3%81%a7%e3%81%8d%e3%82%8b%e3%81%93%e3%81%a8%e3%81%a8%e7%9b%b8%e8%ab%87%e3%81%99%e3%82%8b%e3%82%bf%e3%82%a4,https://physical-balance-lab.com/1695/,2026-02-16T10:24:04,2026-02-16T10:24:04,314,https://physical-balance-lab.com/wp/wp-content/uploads/2024/05/eyecatch.jpg,217,True,2,2,0,,,3,5
1692,子供のスマホ首が及ぼす影響と正しい向き合い方,%e5%ad%90%e4%be%9b%e3%81%ae%e3%82%b9%e3%83%9e%e3%83%9b%e9%a6%96%e3%81%8c%e5%8f%8a%e3%81%bc%e3%81%99%e5%bd%b1%e9%9f%bf%e3%81%a8%e6%ad%a3%e3%81%97%e3%81%84%e5%90%91%e3%81%8d%e5%90%88%e3%81%84%e6%96%b9,https://physical-balance-lab.com/1692/,2026-02-14T10:08:22,2026-02-14T10:08:22,314,https://physical-balance-lab.com/wp/wp-content/uploads/2024/05/eyecatch.jpg,217,True,2,2,0,,,3,5
1689,子供の運動不足が姿勢に与える影響と効果的な対策,%e5%ad%90%e4%be%9b%e3%81%ae%e9%81%8b%e5%8b%95%e4%b8%8d%e8%b6%b3%e3%81%8c%e5%a7%bf%e5%8b%a2%e3%81%ab%e4%b8%8e%e3%81%88%e3%82%8b%e5%bd%b1%e9%9f%bf%e3%81%a8%e5%8a%b9%e6%9e%9c%e7%9a%84%e3%81%aa%e5%af%be,https://physical-balance-lab.com/1689/,2026-02-07T01:07:13,2026-02-07T01:07:13,314,https://physical-balance-lab.com/wp/wp-content/uploads/2024/05/eyecatch.jpg,217,True,2,2,0,,,3,5
1682,腰椎側弯症がある股関節痛の方へ手術の術式と選び方,%e8%85%b0%e6%a4%8e%e5%81%b4%e5%bc%af%e7%97%87%e3%81%8c%e3%81%82%e3%82%8b%e8%82%a1%e9%96%a2%e7%af%80%e7%97%9b%e3%81%ae%e6%96%b9%e3%81%b8%e6%89%8b%e8%a1%93%e3%81%ae%e8%a1%93%e5%bc%8f%e3%81%a8%e9%81%b8,https://physical-balance-lab.com/1682/,2026-02-02T10:05:10,2026-02-07T00:32:02,314,https://physical-balance-lab.com/wp/wp-content/uploads/2024/05/eyecatch.jpg,217,True,2,2,0,,,3,8
1669,ぎっくり腰を繰り返さない体は作れる？レッドコード整体で学ぶ動作の再教育,%e3%81%8e%e3%81%a3%e3%81%8f%e3%82%8a%e8%85%b0%e3%82%92%e7%b9%b0%e3%82%8a%e8%bf%94%e3%81%95%e3%81%aa%e3%81%84%e4%bd%93%e3%81%af%e4%bd%9c%e3%82%8c%e3%82%8b%ef%bc%9f%e3%83%ac%e3%83%83%e3%83%89%e3%82%b3,https://physical-balance-lab.com/1669/,2026-01-27T12:00:00,2026-01-17T19:23:51,314,https://physical-balance-lab.com/wp/wp-content/uploads/2024/05/eyecatch.jpg,217,True,2,2,0,,,3,9
1668,ぎっくり腰からの回復、いつ何をすればいい？急性期・回復期・予防期の過ごし方,%e3%81%8e%e3%81%a3%e3%81%8f%e3%82%8a%e8%85%b0%e3%81%8b%e3%82%89%e3%81%ae%e5%9b%9e%e5%be%a9%e3%80%81%e3%81%84%e3%81%a4%e4%bd%95%e3%82%92%e3%81%99%e3%82%8c%e3%81%b0%e3%81%84%e3%81%84%ef%bc%9f%e6%80%a5,https://physical-balance-lab.com/1668/,2026-01-25T12:00:00,2026-01-17T19:20:53,314,https://physical-balance-lab.com/wp/wp-content/uploads/2024/05/eyecatch.jpg,217,True,2,2,0,,,3,8
1667,レッドコード整体でぎっくり腰はどうケアする？初回評価から施術の流れ,%e3%83%ac%e3%83%83%e3%83%89%e3%82%b3%e3%83%bc%e3%83%89%e6%95%b4%e4%bd%93%e3%81%a7%e3%81%8e%e3%81%a3%e3%81%8f%e3%82%8a%e8%85%b0%e3%81%af%e3%81%a9%e3%81%86%e3%82%b1%e3%82%a2%e3%81%99%e3%82%8b%ef%bc%9f,https://physical-balance-lab.com/1667/,2026-01-23T12:00:00,2026-01-17T19:17:37,314,https://physical-balance-lab.com/wp/wp-content/uploads/2024/05/eyecatch.jpg,217,True,2,2,0,,,3,6
1666,ぎっくり腰はなぜ長引く？なぜ繰り返す？慢性化の悪循環を断つには,%e3%81%8e%e3%81%a3%e3%81%8f%e3%82%8a%e8%85%b0%e3%81%af%e3%81%aa%e3%81%9c%e9%95%b7%e5%bc%95%e3%81%8f%ef%bc%9f%e3%81%aa%e3%81%9c%e7%b9%b0%e3%82%8a%e8%bf%94%e3%81%99%ef%bc%9f%e6%85%a2%e6%80%a7%e5%8c%96,https://physical-balance-lab.com/1666/,2026-01-21T12:00:00,2026-01-17T19:14:57,314,https://physical-balance-lab.com/wp/wp-content/uploads/2024/05/eyecatch.jpg,217,True,2,2,0,,,3,9
1665,ぎっくり腰にレッドコード整体？痛くて動けない時こそ”免荷”が効く理由,%e3%81%8e%e3%81%a3%e3%81%8f%e3%82%8a%e8%85%b0%e3%81%ab%e3%83%ac%e3%83%83%e3%83%89%e3%82%b3%e3%83%bc%e3%83%89%e6%95%b4%e4%bd%93%ef%bc%9f%e7%97%9b%e3%81%8f%e3%81%a6%e5%8b%95%e3%81%91%e3%81%aa%e3%81%84,https://physical-balance-lab.com/1665/,2026-01-19T12:00:00,2026-01-17T19:11:18,314,https://physical-balance-lab.com/wp/wp-content/uploads/2024/05/eyecatch.jpg,217,True,2,2,0,,,3,7
1642,歩幅を広げて腰痛を改善する〜レッドコード整体とセルフケア〜,%e6%ad%a9%e5%b9%85%e3%82%92%e5%ba%83%e3%81%92%e3%81%a6%e8%85%b0%e7%97%9b%e3%82%92%e6%94%b9%e5%96%84%e3%81%99%e3%82%8b%e3%80%9c%e3%83%ac%e3%83%83%e3%83%89%e3%82%b3%e3%83%bc%e3%83%89%e6%95%b4%e4%bd%93,https://physical-balance-lab.com/1642/,2026-01-17T13:06:21,2026-01-17T19:02:45,314,https://physical-balance-lab.com/wp/wp-content/uploads/2024/05/eyecatch.jpg,217,True,2,2,0,,,3,6
1638,股関節と腸腰筋が歩幅を決める〜体の土台の重要性〜,%e8%82%a1%e9%96%a2%e7%af%80%e3%81%a8%e8%85%b8%e8%85%b0%e7%ad%8b%e3%81%8c%e6%ad%a9%e5%b9%85%e3%82%92%e6%b1%ba%e3%82%81%e3%82%8b%e3%80%9c%e4%bd%93%e3%81%ae%e5%9c%9f%e5%8f%b0%e3%81%ae%e9%87%8d%e8%a6%81,https://physical-balance-lab.com/1638/,2026-01-15T13:02:19,2026-01-13T13:05:30,314,https://physical-balance-lab.com/wp/wp-content/uploads/2024/05/eyecatch.jpg,217,True,2,2,0,,,3,6
1635,歩幅が狭いと腰痛になる？〜意外な関係性の真実〜,%e6%ad%a9%e5%b9%85%e3%81%8c%e7%8b%ad%e3%81%84%e3%81%a8%e8%85%b0%e7%97%9b%e3%81%ab%e3%81%aa%e3%82%8b%ef%bc%9f%e3%80%9c%e6%84%8f%e5%a4%96%e3%81%aa%e9%96%a2%e4%bf%82%e6%80%a7%e3%81%ae%e7%9c%9f%e5%ae%9f,https://physical-balance-lab.com/1635/,2026-01-13T12:30:45,2026-01-13T12:53:04,314,https://physical-balance-lab.com/wp/wp-content/uploads/2024/05/eyecatch.jpg,217,True,2,2,0,,,3,6
1596,季節の変わり目にぎっくり腰が増える本当の理由〜寒暖差が体に与える影響と予防法〜,%e5%ad%a3%e7%af%80%e3%81%ae%e5%a4%89%e3%82%8f%e3%82%8a%e7%9b%ae%e3%81%ab%e3%81%8e%e3%81%a3%e3%81%8f%e3%82%8a%e8%85%b0%e3%81%8c%e5%a2%97%e3%81%88%e3%82%8b%e6%9c%ac%e5%bd%93%e3%81%ae%e7%90%86%e7%94%b1,https://physical-balance-lab.com/1596/,2025-12-29T11:29:33,2025-12-29T11:34:42,314,https://physical-balance-lab.com/wp/wp-content/uploads/2024/05/eyecatch.jpg,217,True,2,2,0,,,3,6
1589,アスリートのためのレッドコード整体：パフォーマンス向上の実例,%e3%82%a2%e3%82%b9%e3%83%aa%e3%83%bc%e3%83%88%e3%81%ae%e3%81%9f%e3%82%81%e3%81%ae%e3%83%ac%e3%83%83%e3%83%89%e3%82%b3%e3%83%bc%e3%83%89%e6%95%b4%e4%bd%93%ef%bc%9a%e3%83%91%e3%83%95%e3%82%a9%e3%83%bc,https://physical-balance-lab.com/1589/,2025-12-04T11:46:13,2025-12-04T11:47:50,314,https://physical-balance-lab.com/wp/wp-content/uploads/2024/05/eyecatch.jpg,217,True,2,2,0,,,3,10
1584,産後ケアとレッドコード整体の有用性を考察！骨盤・骨盤底筋に配慮した安全な進め方！,%e7%94%a3%e5%be%8c%e3%82%b1%e3%82%a2%e3%81%a8%e3%83%ac%e3%83%83%e3%83%89%e3%82%b3%e3%83%bc%e3%83%89%e6%95%b4%e4%bd%93%e3%81%ae%e6%9c%89%e7%94%a8%e6%80%a7%e3%82%92%e8%80%83%e5%af%9f%ef%bc%81%e9%aa%a8,https://physical-balance-lab.com/1584/,2025-11-04T17:58:17,2025-11-04T17:58:49,314,https://physical-balance-lab.com/wp/wp-content/uploads/2024/05/eyecatch.jpg,217,True,2,2,0,,,3,6
1581,変形性膝関節症に効果的！痛みゼロで始めるレッドコード整体！,%e5%a4%89%e5%bd%a2%e6%80%a7%e8%86%9d%e9%96%a2%e7%af%80%e7%97%87%e3%81%ab%e5%8a%b9%e6%9e%9c%e7%9a%84%ef%bc%81%e7%97%9b%e3%81%bf%e3%82%bc%e3%83%ad%e3%81%a7%e5%a7%8b%e3%82%81%e3%82%8b%e3%83%ac%e3%83%83,https://physical-balance-lab.com/1581/,2025-10-14T18:39:54,2025-10-14T18:39:54,314,https://physical-balance-lab.com/wp/wp-content/uploads/2024/05/eyecatch.jpg,217,True,2,2,0,,,3,8
1575,レッドコード整体は五十肩や肩関節の痛みには効果があるの？,%e3%83%ac%e3%83%83%e3%83%89%e3%82%b3%e3%83%bc%e3%83%89%e6%95%b4%e4%bd%93%e3%81%af%e4%ba%94%e5%8d%81%e8%82%a9%e3%82%84%e8%82%a9%e9%96%a2%e7%af%80%e3%81%ae%e7%97%9b%e3%81%bf%e3%81%ab%e3%81%af%e5%8a%b9,https://physical-balance-lab.com/1575/,2025-10-06T15:44:39,2025-10-06T15:46:53,314,https://physical-balance-lab.com/wp/wp-content/uploads/2024/05/eyecatch.jpg,217,True,2,2,0,,,3,6
1571,慢性的な肩こり・首の痛みに対するレッドコード整体でそう対応する？,%e6%85%a2%e6%80%a7%e7%9a%84%e3%81%aa%e8%82%a9%e3%81%93%e3%82%8a%e3%83%bb%e9%a6%96%e3%81%ae%e7%97%9b%e3%81%bf%e3%81%ab%e5%af%be%e3%81%99%e3%82%8b%e3%83%ac%e3%83%83%e3%83%89%e3%82%b3%e3%83%bc%e3%83%89,https://physical-balance-lab.com/1571/,2025-09-25T11:12:30,2025-09-25T11:12:58,314,https://physical-balance-lab.com/wp/wp-content/uploads/2024/05/eyecatch.jpg,217,True,2,2,0,,,3,6
1569,腰痛に強いレッドコード整体：エビデンスと改善プロセス,%e8%85%b0%e7%97%9b%e3%81%ab%e5%bc%b7%e3%81%84%e3%83%ac%e3%83%83%e3%83%89%e3%82%b3%e3%83%bc%e3%83%89%e6%95%b4%e4%bd%93%ef%bc%9a%e3%82%a8%e3%83%93%e3%83%87%e3%83%b3%e3%82%b9%e3%81%a8%e6%94%b9%e5%96%84,https://physical-balance-lab.com/1569/,2025-09-18T19:24:49,2025-09-18T19:24:49,314,https://physical-balance-lab.com/wp/wp-content/uploads/2024/05/eyecatch.jpg,217,True,2,2,0,,,3,6
1564,レッドコード整体の施術フローと安全性：初回評価〜介入〜再評価,%e3%83%ac%e3%83%83%e3%83%89%e3%82%b3%e3%83%bc%e3%83%89%e6%95%b4%e4%bd%93%e3%81%ae%e6%96%bd%e8%a1%93%e3%83%95%e3%83%ad%e3%83%bc%e3%81%a8%e5%ae%89%e5%85%a8%e6%80%a7%ef%bc%9a%e5%88%9d%e5%9b%9e%e8%a9%95,https://physical-balance-lab.com/1564/,2025-09-12T15:17:51,2025-09-12T15:19:06,314,https://physical-balance-lab.com/wp/wp-content/uploads/2024/05/eyecatch.jpg,217,True,2,2,0,,,3,6
1561,レッドコード整体とは？Neuracの科学と「痛みなく動ける」理由,%e3%83%ac%e3%83%83%e3%83%89%e3%82%b3%e3%83%bc%e3%83%89%e6%95%b4%e4%bd%93%e3%81%a8%e3%81%af%ef%bc%9fneurac%e3%81%ae%e7%a7%91%e5%ad%a6%e3%81%a8%e3%80%8c%e7%97%9b%e3%81%bf%e3%81%aa%e3%81%8f%e5%8b%95,https://physical-balance-lab.com/1561/,2025-09-10T16:29:08,2025-09-10T16:29:45,314,https://physical-balance-lab.com/wp/wp-content/uploads/2024/05/eyecatch.jpg,217,True,3,2,1,257,https://physical-balance-lab.com/wp/wp-content/uploads/2024/04/sokuwan-sejutsu.jpg,2,7
1558,【むち打ち症解説シリーズ】第10回：むち打ち症からの回復ロードマップ〜主体的に乗り越えるための知恵と希望〜,%e3%80%90%e3%82%80%e3%81%a1%e6%89%93%e3%81%a1%e7%97%87%e8%a7%a3%e8%aa%ac%e3%82%b7%e3%83%aa%e3%83%bc%e3%82%ba%e3%80%91%e7%ac%ac10%e5%9b%9e%ef%bc%9a%e3%82%80%e3%81%a1%e6%89%93%e3%81%a1%e7%97%87%e3%81%8b,https://physical-balance-lab.com/1558/,2025-09-04T20:23:03,2025-09-04T20:23:03,314,https://physical-balance-lab.com/wp/wp-content/uploads/2024/05/eyecatch.jpg,217,True,2,2,0,,,3,7
1555,【むち打ち症解説シリーズ】第9回：回復を加速させるセルフケア〜専門家の視点で選ぶ、本当に役立つ知識〜,%e3%80%90%e3%82%80%e3%81%a1%e6%89%93%e3%81%a1%e7%97%87%e8%a7%a3%e8%aa%ac%e3%82%b7%e3%83%aa%e3%83%bc%e3%82%ba%e3%80%91%e7%ac%ac9%e5%9b%9e%ef%bc%9a%e5%9b%9e%e5%be%a9%e3%82%92%e5%8a%a0%e9%80%9f%e3%81%95,https://physical-balance-lab.com/1555/,2025-08-29T12:23:22,2025-08-29T12:24:37,314,https://physical-balance-lab.com/wp/wp-content/uploads/2024/05/eyecatch.jpg,217,True,2,2,0,,,3,8
1552,【むち打ち症解説シリーズ】第8回：専門家がむち打ち症をどう導くか（アプローチ編）〜回復への道を共に歩む〜,%e3%80%90%e3%82%80%e3%81%a1%e6%89%93%e3%81%a1%e7%97%87%e8%a7%a3%e8%aa%ac%e3%82%b7%e3%83%aa%e3%83%bc%e3%82%ba%e3%80%91%e7%ac%ac8%e5%9b%9e%ef%bc%9a%e5%b0%82%e9%96%80%e5%ae%b6%e3%81%8c%e3%82%80%e3%81%a1,https://physical-balance-lab.com/1552/,2025-08-14T19:53:02,2025-08-14T19:53:02,314,https://physical-balance-lab.com/wp/wp-content/uploads/2024/05/eyecatch.jpg,217,True,2,2,0,,,3,3
1549,【むち打ち症解説シリーズ】第7回：専門家がむち打ち症をどう見るか（評価編）〜症状の裏側を探る思考プロセス〜,%e3%80%90%e3%82%80%e3%81%a1%e6%89%93%e3%81%a1%e7%97%87%e8%a7%a3%e8%aa%ac%e3%82%b7%e3%83%aa%e3%83%bc%e3%82%ba%e3%80%91%e7%ac%ac7%e5%9b%9e%ef%bc%9a%e5%b0%82%e9%96%80%e5%ae%b6%e3%81%8c%e3%82%80%e3%81%a1,https://physical-balance-lab.com/1549/,2025-08-09T12:04:56,2025-08-09T12:04:56,314,https://physical-balance-lab.com/wp/wp-content/uploads/2024/05/eyecatch.jpg,217,True,2,2,0,,,3,9
1545,【むち打ち症解説シリーズ】第6回：回復の分かれ道〜むち打ちが長引く人、早く治る人の科学〜,%e3%80%90%e3%82%80%e3%81%a1%e6%89%93%e3%81%a1%e7%97%87%e8%a7%a3%e8%aa%ac%e3%82%b7%e3%83%aa%e3%83%bc%e3%82%ba%e3%80%91%e7%ac%ac6%e5%9b%9e%ef%bc%9a%e5%9b%9e%e5%be%a9%e3%81%ae%e5%88%86%e3%81%8b%e3%82%8c,https://physical-balance-lab.com/1545/,2025-08-04T18:38:38,2025-08-04T18:38:38,314,https://physical-balance-lab.com/wp/wp-content/uploads/2024/05/eyecatch.jpg,217,True,2,2,0,,,3,6
1539,【むち打ち症解説シリーズ】第5回：「レントゲンで異常なし」の真実〜画像に映らない“機能”の問題〜,%e3%80%90%e3%82%80%e3%81%a1%e6%89%93%e3%81%a1%e7%97%87%e8%a7%a3%e8%aa%ac%e3%82%b7%e3%83%aa%e3%83%bc%e3%82%ba%e3%80%91%e7%ac%ac5%e5%9b%9e%ef%bc%9a%e3%80%8c%e3%83%ac%e3%83%b3%e3%83%88%e3%82%b2%e3%83%b3,https://physical-balance-lab.com/1539/,2025-07-29T15:33:01,2025-07-29T15:33:01,314,https://physical-balance-lab.com/wp/wp-content/uploads/2024/05/eyecatch.jpg,217,True,2,2,0,,,3,1
1532,【むち打ち症解説シリーズ】第4回：めまい・ふらつきの正体〜脳が感じる“位置情報”のズレとは？〜,%e3%80%90%e3%82%80%e3%81%a1%e6%89%93%e3%81%a1%e7%97%87%e8%a7%a3%e8%aa%ac%e3%82%b7%e3%83%aa%e3%83%bc%e3%82%ba%e3%80%91%e7%ac%ac4%e5%9b%9e%ef%bc%9a%e3%82%81%e3%81%be%e3%81%84%e3%83%bb%e3%81%b5%e3%82%89,https://physical-balance-lab.com/1532/,2025-07-24T12:05:54,2025-07-24T12:05:54,314,https://physical-balance-lab.com/wp/wp-content/uploads/2024/05/eyecatch.jpg,217,True,2,2,0,,,3,1
1525,【むち打ち症解説シリーズ】第3回：見過ごされがちな「胸椎」の重要性〜首の不調の鍵を握る、もう一つの主役〜,%e3%80%90%e3%82%80%e3%81%a1%e6%89%93%e3%81%a1%e7%97%87%e8%a7%a3%e8%aa%ac%e3%82%b7%e3%83%aa%e3%83%bc%e3%82%ba%e3%80%91%e7%ac%ac3%e5%9b%9e%ef%bc%9a%e8%a6%8b%e9%81%8e%e3%81%94%e3%81%95%e3%82%8c%e3%81%8c,https://physical-balance-lab.com/1525/,2025-07-22T20:09:03,2025-07-22T20:09:03,314,https://physical-balance-lab.com/wp/wp-content/uploads/2024/05/eyecatch.jpg,217,True,3,2,1,673,https://physical-balance-lab.com/wp/wp-content/uploads/2024/06/Firefly-スケルトン。人体。背骨が右凸に弯曲している。骨盤から上半身が写っている。背面。レントゲン。-96979-e1730788501573.jpg,2,6
1520,【むち打ち症解説シリーズ】第2回：むち打ちの痛みは首だけじゃない！〜痛みが全身に広がる「中枢神経感作」の謎〜,%e3%80%90%e3%82%80%e3%81%a1%e6%89%93%e3%81%a1%e7%97%87%e8%a7%a3%e8%aa%ac%e3%82%b7%e3%83%aa%e3%83%bc%e3%82%ba%e3%80%91%e7%ac%ac2%e5%9b%9e%ef%bc%9a%e3%82%80%e3%81%a1%e6%89%93%e3%81%a1%e3%81%ae%e7%97%9b,https://physical-balance-lab.com/1520/,2025-07-17T16:49:35,2025-07-17T16:49:35,314,https://physical-balance-lab.com/wp/wp-content/uploads/2024/05/eyecatch.jpg,217,True,2,2,0,,,3,6
1515,【むち打ち症解説シリーズ】第1回：その首の痛み、ただの捻挫だと思っていませんか？〜むち打ち症の本当の姿〜,%e3%80%90%e3%82%80%e3%81%a1%e6%89%93%e3%81%a1%e7%97%87%e8%a7%a3%e8%aa%ac%e3%82%b7%e3%83%aa%e3%83%bc%e3%82%ba%e3%80%91%e7%ac%ac1%e5%9b%9e%ef%bc%9a%e3%81%9d%e3%81%ae%e9%a6%96%e3%81%ae%e7%97%9b%e3%81%bf,https://physical-balance-lab.com/1515/,2025-07-16T13:10:57,2025-07-16T13:11:36,314,https://physical-balance-lab.com/wp/wp-content/uploads/2024/05/eyecatch.jpg,217,True,2,2,0,,,3,6
1507,【筋・筋膜性腰痛解説シリーズ】第10回：最終回！腰痛とサヨナラ！50代からの「動ける身体」を作る7つの生活習慣！,%e3%80%90%e7%ad%8b%e3%83%bb%e7%ad%8b%e8%86%9c%e6%80%a7%e8%85%b0%e7%97%9b%e8%a7%a3%e8%aa%ac%e3%82%b7%e3%83%aa%e3%83%bc%e3%82%ba%e3%80%91%e7%ac%ac10%e5%9b%9e%ef%bc%9a%e6%9c%80%e7%b5%82%e5%9b%9e%ef%bc%81,https://physical-balance-lab.com/1507/,2025-07-08T19:06:54,2025-07-08T19:06:54,314,https://physical-balance-lab.com/wp/wp-content/uploads/2024/05/eyecatch.jpg,217,True,2,2,0,,,3,5
1497,【筋・筋膜性腰痛解説シリーズ】第9回：自宅でできる腰痛改善ストレッチ＆運動法〜整体師が実践する「続けやすい」アプローチ〜,%e3%80%90%e7%ad%8b%e3%83%bb%e7%ad%8b%e8%86%9c%e6%80%a7%e8%85%b0%e7%97%9b%e8%a7%a3%e8%aa%ac%e3%82%b7%e3%83%aa%e3%83%bc%e3%82%ba%e3%80%91%e7%ac%ac9%e5%9b%9e%ef%bc%9a%e8%87%aa%e5%ae%85%e3%81%a7%e3%81%a7,https://physical-balance-lab.com/1497/,2025-07-04T17:51:36,2025-07-04T17:54:47,314,https://physical-balance-lab.com/wp/wp-content/uploads/2024/05/eyecatch.jpg,217,True,2,2,0,,,3,7
1489,【筋・筋膜性腰痛解説シリーズ】第8回：筋膜の声を聴く？最新アプローチで腰痛とサヨナラする方法！,%e3%80%90%e7%ad%8b%e3%83%bb%e7%ad%8b%e8%86%9c%e6%80%a7%e8%85%b0%e7%97%9b%e8%a7%a3%e8%aa%ac%e3%82%b7%e3%83%aa%e3%83%bc%e3%82%ba%e3%80%91%e7%ac%ac8%e5%9b%9e%ef%bc%9a%e7%ad%8b%e8%86%9c%e3%81%ae%e5%a3%b0,https://physical-balance-lab.com/1489/,2025-07-02T10:53:36,2025-07-02T10:53:36,314,https://physical-balance-lab.com/wp/wp-content/uploads/2024/05/eyecatch.jpg,217,True,2,2,0,,,3,7
1479,【筋・筋膜性腰痛解説シリーズ】第7回：驚きの即効性！ストレイン・カウンターストレイン療法で腰痛から解放される理由！,%e3%80%90%e7%ad%8b%e3%83%bb%e7%ad%8b%e8%86%9c%e6%80%a7%e8%85%b0%e7%97%9b%e8%a7%a3%e8%aa%ac%e3%82%b7%e3%83%aa%e3%83%bc%e3%82%ba%e3%80%91%e7%ac%ac7%e5%9b%9e%ef%bc%9a%e9%a9%9a%e3%81%8d%e3%81%ae%e5%8d%b3,https://physical-balance-lab.com/1479/,2025-06-24T18:36:09,2025-06-24T18:36:09,314,https://physical-balance-lab.com/wp/wp-content/uploads/2024/05/eyecatch.jpg,217,True,3,3,0,,,3,8
1472,【筋・筋膜性腰痛解説シリーズ】第6回：なぜ「姿勢を良くしなさい」と言われるの？〜筋膜から見た姿勢と腰痛の深い関係〜,1472,https://physical-balance-lab.com/1472/,2025-06-19T12:25:58,2025-06-19T15:32:42,314,https://physical-balance-lab.com/wp/wp-content/uploads/2024/05/eyecatch.jpg,217,True,2,2,0,,,3,11
1467,【筋・筋膜性腰痛解説シリーズ】第5回：腰痛の悪循環を断ち切る！痛み・動き・日常生活の意外な関係とは？,1467,https://physical-balance-lab.com/1467/,2025-06-10T16:20:17,2025-06-10T16:24:12,314,https://physical-balance-lab.com/wp/wp-content/uploads/2024/05/eyecatch.jpg,217,True,2,2,0,,,3,10
1463,【筋・筋膜性腰痛解説シリーズ】第4回：なぜ腰が硬くなる？腰痛で失われる「当たり前の動き」を取り戻す方法,%e3%80%90%e7%ad%8b%e3%83%bb%e7%ad%8b%e8%86%9c%e6%80%a7%e8%85%b0%e7%97%9b%e8%a7%a3%e8%aa%ac%e3%82%b7%e3%83%aa%e3%83%bc%e3%82%ba%e3%80%91%e7%ac%ac4%e5%9b%9e%ef%bc%9a%e3%81%aa%e3%81%9c%e8%85%b0%e3%81%8c,https://physical-balance-lab.com/1463/,2025-06-03T16:42:41,2025-06-03T16:43:45,314,https://physical-balance-lab.com/wp/wp-content/uploads/2024/05/eyecatch.jpg,217,True,2,2,0,,,3,9
1460,【筋・筋膜性腰痛解説シリーズ】第3回：なぜ腰が痛いと身体が硬くなるの？筋肉のコリが動きを奪うメカニズムを徹底解説,%e3%80%90%e7%ad%8b%e3%83%bb%e7%ad%8b%e8%86%9c%e6%80%a7%e8%85%b0%e7%97%9b%e8%a7%a3%e8%aa%ac%e3%82%b7%e3%83%aa%e3%83%bc%e3%82%ba%e3%80%91%e7%ac%ac3%e5%9b%9e%ef%bc%9a%e3%81%aa%e3%81%9c%e8%85%b0%e3%81%8c,https://physical-balance-lab.com/1460/,2025-05-26T12:55:01,2025-05-26T12:55:01,314,https://physical-balance-lab.com/wp/wp-content/uploads/2024/05/eyecatch.jpg,217,True,2,2,0,,,3,9
1457,【筋・筋膜性腰痛解説シリーズ】第2回：腰痛で体が硬くなる理由～脊柱可動域が教えてくれること～,%e3%80%90%e3%82%b7%e3%83%aa%e3%83%bc%e3%82%ba%e7%ac%ac2%e5%9b%9e%e3%80%91%e8%85%b0%e7%97%9b%e3%81%a7%e4%bd%93%e3%81%8c%e7%a1%ac%e3%81%8f%e3%81%aa%e3%82%8b%e7%90%86%e7%94%b1%ef%bd%9e%e8%84%8a%e6%9f%b1,https://physical-balance-lab.com/1457/,2025-05-20T14:36:17,2025-05-20T14:37:35,314,https://physical-balance-lab.com/wp/wp-content/uploads/2024/05/eyecatch.jpg,217,True,2,2,0,,,3,8
1206,【筋・筋膜性腰痛解説シリーズ】第1回：あなたの腰痛、筋膜が原因かも？知って得する筋・筋膜性腰痛の全て,%e3%80%90%e7%ad%8b%e3%83%bb%e7%ad%8b%e8%86%9c%e6%80%a7%e8%85%b0%e7%97%9b%e8%a7%a3%e8%aa%ac%e3%82%b7%e3%83%aa%e3%83%bc%e3%82%ba%e3%80%91%e7%ac%ac1%e5%9b%9e%ef%bc%9a%e3%81%82%e3%81%aa%e3%81%9f%e3%81%ae,https://physical-balance-lab.com/1206/,2025-05-13T12:13:45,2025-05-13T12:15:38,314,https://physical-balance-lab.com/wp/wp-content/uploads/2024/05/eyecatch.jpg,217,True,2,2,0,,,3,8
1195,【側弯症解説シリーズ完結】第10回：あなたの毎日を楽にする！整体師直伝の日常ケア実践術,%e3%80%90%e5%81%b4%e5%bc%af%e7%97%87%e8%a7%a3%e8%aa%ac%e3%82%b7%e3%83%aa%e3%83%bc%e3%82%ba%e5%ae%8c%e7%b5%90%e3%80%91%e7%ac%ac10%e5%9b%9e%ef%bc%9a%e3%81%82%e3%81%aa%e3%81%9f%e3%81%ae%e6%af%8e%e6%97%a5,https://physical-balance-lab.com/1195/,2025-04-30T13:47:36,2025-04-30T13:48:45,314,https://physical-balance-lab.com/wp/wp-content/uploads/2024/05/eyecatch.jpg,217,True,2,2,0,,,3,6
1191,【側弯症解説シリーズ】第9回：側弯症を楽にする！専門家推奨のリハビリテーションプログラム,%e3%80%90%e5%81%b4%e5%bc%af%e7%97%87%e8%a7%a3%e8%aa%ac%e3%82%b7%e3%83%aa%e3%83%bc%e3%82%ba%e3%80%91%e7%ac%ac9%e5%9b%9e%ef%bc%9a%e5%81%b4%e5%bc%af%e7%97%87%e3%82%92%e6%a5%bd%e3%81%ab%e3%81%99%e3%82%8b,https://physical-balance-lab.com/1191/,2025-04-24T16:46:24,2025-04-24T16:49:00,314,https://physical-balance-lab.com/wp/wp-content/uploads/2024/05/eyecatch.jpg,217,True,2,2,0,,,3,9
1185,【側弯症解説シリーズ】第8回：治療の選択で未来が変わる！脊柱側弯症と関節可動域の深い関係,%e3%80%90%e5%81%b4%e5%bc%af%e7%97%87%e8%a7%a3%e8%aa%ac%e3%82%b7%e3%83%aa%e3%83%bc%e3%82%ba%e3%80%91%e7%ac%ac8%e5%9b%9e%ef%bc%9a%e6%b2%bb%e7%99%82%e3%81%ae%e9%81%b8%e6%8a%9e%e3%81%a7%e6%9c%aa%e6%9d%a5,https://physical-balance-lab.com/1185/,2025-04-22T16:38:11,2025-05-02T12:19:40,314,https://physical-balance-lab.com/wp/wp-content/uploads/2024/05/eyecatch.jpg,217,True,2,2,0,,,3,10
1182,【側弯症解説シリーズ】第7回：脊柱側弯症で変わる歩き方と背中の筋肉の働き〜気づかない身体の変化と簡単改善法〜,%e3%80%90%e5%81%b4%e5%bc%af%e7%97%87%e8%a7%a3%e8%aa%ac%e3%82%b7%e3%83%aa%e3%83%bc%e3%82%ba%e3%80%91%e7%ac%ac7%e5%9b%9e%ef%bc%9a%e8%84%8a%e6%9f%b1%e5%81%b4%e5%bc%af%e7%97%87%e3%81%a7%e5%a4%89%e3%82%8f,https://physical-balance-lab.com/1182/,2025-04-18T17:43:26,2025-05-02T13:41:14,314,https://physical-balance-lab.com/wp/wp-content/uploads/2024/05/eyecatch.jpg,217,True,2,2,0,,,3,7
1179,【側弯症解説シリーズ】第6回：肩こりの原因は背骨にあった？脊柱側弯症が肩甲骨の動きを変える仕組みと簡単セルフケア,%e3%80%90%e5%81%b4%e5%bc%af%e7%97%87%e8%a7%a3%e8%aa%ac%e3%82%b7%e3%83%aa%e3%83%bc%e3%82%ba%e3%80%91%e7%ac%ac6%e5%9b%9e%ef%bc%9a%e8%82%a9%e3%81%93%e3%82%8a%e3%81%ae%e5%8e%9f%e5%9b%a0%e3%81%af%e8%83%8c,https://physical-balance-lab.com/1179/,2025-04-08T13:03:50,2025-04-08T13:03:50,314,https://physical-balance-lab.com/wp/wp-content/uploads/2024/05/eyecatch.jpg,217,True,2,2,0,,,3,8
1176,【側弯症解説シリーズ】第5回：意外と知らない！脊柱側弯症と股関節・骨盤の密接な関係！,%e3%80%90%e5%81%b4%e5%bc%af%e7%97%87%e8%a7%a3%e8%aa%ac%e3%82%b7%e3%83%aa%e3%83%bc%e3%82%ba%e3%80%91%e7%ac%ac5%e5%9b%9e%ef%bc%9a%e6%84%8f%e5%a4%96%e3%81%a8%e7%9f%a5%e3%82%89%e3%81%aa%e3%81%84%ef%bc%81,https://physical-balance-lab.com/1176/,2025-04-02T15:02:48,2025-04-02T15:03:20,314,https://physical-balance-lab.com/wp/wp-content/uploads/2024/05/eyecatch.jpg,217,True,3,2,1,1032,https://physical-balance-lab.com/wp/wp-content/uploads/2024/10/ImageFX-12.png,2,7
1173,【側弯症解説シリーズ】第4回：脊柱の動きを取り戻そう！脊柱側弯症があると硬くなる胸椎・腰椎の可動域制限について！,%e3%80%90%e5%81%b4%e5%bc%af%e7%97%87%e8%a7%a3%e8%aa%ac%e3%82%b7%e3%83%aa%e3%83%bc%e3%82%ba%e3%80%91%e7%ac%ac4%e5%9b%9e%ef%bc%9a%e8%84%8a%e6%9f%b1%e3%81%ae%e5%8b%95%e3%81%8d%e3%82%92%e5%8f%96%e3%82%8a,https://physical-balance-lab.com/1173/,2025-03-27T16:18:20,2025-03-27T16:18:20,314,https://physical-balance-lab.com/wp/wp-content/uploads/2024/05/eyecatch.jpg,217,True,2,2,0,,,3,8
1171,【側弯症解説シリーズ】第3回：脊柱を支える筋肉の秘密！側弯症で起こる筋肉の拘縮メカニズムとセルフケア！,%e3%80%90%e5%81%b4%e5%bc%af%e7%97%87%e8%a7%a3%e8%aa%ac%e3%82%b7%e3%83%aa%e3%83%bc%e3%82%ba%e3%80%91%e7%ac%ac3%e5%9b%9e%ef%bc%9a%e8%84%8a%e6%9f%b1%e3%82%92%e6%94%af%e3%81%88%e3%82%8b%e7%ad%8b%e8%82%89,https://physical-balance-lab.com/1171/,2025-03-24T15:35:53,2025-03-24T15:35:53,314,https://physical-balance-lab.com/wp/wp-content/uploads/2024/05/eyecatch.jpg,217,True,2,2,0,,,3,8
1169,【側弯症解説シリーズ】第2回：側弯症と動きの制限の関係って？知っておきたい関節可動域のお話,%e3%80%90%e5%81%b4%e5%bc%af%e7%97%87%e8%a7%a3%e8%aa%ac%e3%82%b7%e3%83%aa%e3%83%bc%e3%82%ba%e3%80%91%e7%ac%ac2%e5%9b%9e%ef%bc%9a%e5%81%b4%e5%bc%af%e7%97%87%e3%81%a8%e5%8b%95%e3%81%8d%e3%81%ae%e5%88%b6,https://physical-balance-lab.com/1169/,2025-03-21T17:03:11,2025-03-21T17:03:11,314,https://physical-balance-lab.com/wp/wp-content/uploads/2024/05/eyecatch.jpg,217,True,3,2,1,844,https://physical-balance-lab.com/wp/wp-content/uploads/2024/07/00000041.jpg,2,10
1166,【側弯症解説シリーズ】第1回：知らないと危険！脊柱側弯症が引き起こす”隠れた関節制限”の真実,%e3%80%90%e5%81%b4%e5%bc%af%e7%97%87%e8%a7%a3%e8%aa%ac%e3%82%b7%e3%83%aa%e3%83%bc%e3%82%ba%e3%80%91%e7%ac%ac1%e5%9b%9e%ef%bc%9a%e7%9f%a5%e3%82%89%e3%81%aa%e3%81%84%e3%81%a8%e5%8d%b1%e9%99%ba%ef%bc%81,https://physical-balance-lab.com/1166/,2025-03-17T17:20:34,2025-03-17T17:20:34,314,https://physical-balance-lab.com/wp/wp-content/uploads/2024/05/eyecatch.jpg,217,True,3,2,1,844,https://physical-balance-lab.com/wp/wp-content/uploads/2024/07/00000041.jpg,2,11
1163,五十肩を放置するとどうなる？整体師が教えるリスクと対策！,1163,https://physical-balance-lab.com/1163/,2025-03-12T17:54:21,2025-03-12T17:55:37,314,https://physical-balance-lab.com/wp/wp-content/uploads/2024/05/eyecatch.jpg,217,True,2,2,0,,,3,5
1159,その膝の痛み、実は脛骨のねじれが原因かも？｜50代女性のための膝痛改善ガイド,%e3%81%9d%e3%81%ae%e8%86%9d%e3%81%ae%e7%97%9b%e3%81%bf%e3%80%81%e5%ae%9f%e3%81%af%e8%84%9b%e9%aa%a8%e3%81%ae%e3%81%ad%e3%81%98%e3%82%8c%e3%81%8c%e5%8e%9f%e5%9b%a0%e3%81%8b%e3%82%82%ef%bc%9f%ef%bd%9c50,https://physical-balance-lab.com/1159/,2025-03-06T13:43:20,2025-03-06T13:43:20,314,https://physical-balance-lab.com/wp/wp-content/uploads/2024/05/eyecatch.jpg,217,True,2,2,0,,,3,7
1157,脊柱側弯症があっても快眠できる！最適な寝姿勢ガイドと注意点を解説！,%e8%84%8a%e6%9f%b1%e5%81%b4%e5%bc%af%e7%97%87%e3%81%8c%e3%81%82%e3%81%a3%e3%81%a6%e3%82%82%e5%bf%ab%e7%9c%a0%e3%81%a7%e3%81%8d%e3%82%8b%ef%bc%81%e6%9c%80%e9%81%a9%e3%81%aa%e5%af%9d%e5%a7%bf%e5%8b%a2,https://physical-balance-lab.com/1157/,2025-03-03T13:16:38,2025-03-03T13:16:38,314,https://physical-balance-lab.com/wp/wp-content/uploads/2024/05/eyecatch.jpg,217,True,3,2,1,844,https://physical-balance-lab.com/wp/wp-content/uploads/2024/07/00000041.jpg,2,8
1155,「階段が怖い…」多くの女性が悩む膝の痛み、原因と対策を整体師が徹底解説！,%e3%80%8c%e9%9a%8e%e6%ae%b5%e3%81%8c%e6%80%96%e3%81%84%e3%80%8d%e5%a4%9a%e3%81%8f%e3%81%ae%e5%a5%b3%e6%80%a7%e3%81%8c%e6%82%a9%e3%82%80%e8%86%9d%e3%81%ae%e7%97%9b%e3%81%bf%e3%80%81%e5%8e%9f,https://physical-balance-lab.com/1155/,2025-02-28T11:36:26,2025-02-28T11:36:26,314,https://physical-balance-lab.com/wp/wp-content/uploads/2024/05/eyecatch.jpg,217,True,2,2,0,,,3,6
1150,腰痛に悩むあなたへ：背骨の仕組みから見る痛みのメカニズム,%e8%85%b0%e7%97%9b%e3%81%ab%e6%82%a9%e3%82%80%e3%81%82%e3%81%aa%e3%81%9f%e3%81%b8%ef%bc%9a%e8%83%8c%e9%aa%a8%e3%81%ae%e4%bb%95%e7%b5%84%e3%81%bf%e3%81%8b%e3%82%89%e8%a6%8b%e3%82%8b%e7%97%9b%e3%81%bf,https://physical-balance-lab.com/1150/,2025-02-26T17:34:30,2025-02-26T17:35:50,314,https://physical-balance-lab.com/wp/wp-content/uploads/2024/05/eyecatch.jpg,217,True,5,2,3,"673,427,844",https://physical-balance-lab.com/wp/wp-content/uploads/2024/06/Firefly-スケルトン。人体。背骨が右凸に弯曲している。骨盤から上半身が写っている。背面。レントゲン。-96979-e1730788501573.jpg | https://physical-balance-lab.com/wp/wp-content/uploads/2024/05/DALL·E-2024-04-30-19.38.48-An-anatomical-illustration-of-a-human-skeleton-with-the-spine-visibly-curved-in-a-C-shape-demonstrating-a-condition-similar-to-scoliosis.-The-skeleto.png | https://physical-balance-lab.com/wp/wp-content/uploads/2024/07/00000041.jpg,0,7
1148,僕が考える、側弯症がもたらす腰の動かしづらさと痛みのヒミツ,%e5%83%95%e3%81%8c%e8%80%83%e3%81%88%e3%82%8b%e3%80%81%e5%81%b4%e5%bc%af%e7%97%87%e3%81%8c%e3%82%82%e3%81%9f%e3%82%89%e3%81%99%e8%85%b0%e3%81%ae%e5%8b%95%e3%81%8b%e3%81%97%e3%81%a5%e3%82%89%e3%81%95,https://physical-balance-lab.com/1148/,2025-02-21T12:23:29,2025-02-21T12:23:29,314,https://physical-balance-lab.com/wp/wp-content/uploads/2024/05/eyecatch.jpg,217,True,3,3,0,,,3,10
1145,背中や腰の痛み…大人の脊柱側弯症ってどうすればいいの？楽になるケアと整体施術のヒミツ,%e8%83%8c%e4%b8%ad%e3%82%84%e8%85%b0%e3%81%ae%e7%97%9b%e3%81%bf%e5%a4%a7%e4%ba%ba%e3%81%ae%e8%84%8a%e6%9f%b1%e5%81%b4%e5%bc%af%e7%97%87%e3%81%a3%e3%81%a6%e3%81%a9%e3%81%86%e3%81%99%e3%82%8c,https://physical-balance-lab.com/1145/,2025-02-20T10:48:32,2025-02-20T10:48:32,314,https://physical-balance-lab.com/wp/wp-content/uploads/2024/05/eyecatch.jpg,217,True,4,3,1,1146,https://physical-balance-lab.com/wp/wp-content/uploads/2025/02/IMG_2372-e1740015784911.jpg,2,7
1142,五十肩の痛みが長引く理由は“軸ズレ”かも？僕が考える慢性化のメカニズムと対策,%e4%ba%94%e5%8d%81%e8%82%a9%e3%81%ae%e7%97%9b%e3%81%bf%e3%81%8c%e9%95%b7%e5%bc%95%e3%81%8f%e7%90%86%e7%94%b1%e3%81%af%e8%bb%b8%e3%82%ba%e3%83%ac%e3%81%8b%e3%82%82%ef%bc%9f%e5%83%95,https://physical-balance-lab.com/1142/,2025-02-12T13:47:46,2025-02-12T13:47:46,314,https://physical-balance-lab.com/wp/wp-content/uploads/2024/05/eyecatch.jpg,217,True,2,2,0,,,3,7
1140,朝起きたときの腰痛、放置していませんか？原因と対策を整体師が解説！,%e6%9c%9d%e8%b5%b7%e3%81%8d%e3%81%9f%e3%81%a8%e3%81%8d%e3%81%ae%e8%85%b0%e7%97%9b%e3%80%81%e6%94%be%e7%bd%ae%e3%81%97%e3%81%a6%e3%81%84%e3%81%be%e3%81%9b%e3%82%93%e3%81%8b%ef%bc%9f%e5%8e%9f%e5%9b%a0,https://physical-balance-lab.com/1140/,2025-02-10T10:44:39,2025-02-10T10:44:39,314,https://physical-balance-lab.com/wp/wp-content/uploads/2024/05/eyecatch.jpg,217,True,3,3,0,,,3,6
1137,思わずスッと動ける股関節へ！実は簡単に始められるケア方法って？,%e6%80%9d%e3%82%8f%e3%81%9a%e3%82%b9%e3%83%83%e3%81%a8%e5%8b%95%e3%81%91%e3%82%8b%e8%82%a1%e9%96%a2%e7%af%80%e3%81%b8%ef%bc%81%e5%ae%9f%e3%81%af%e7%b0%a1%e5%8d%98%e3%81%ab%e5%a7%8b%e3%82%81%e3%82%89,https://physical-balance-lab.com/1137/,2025-02-03T17:21:21,2025-02-03T17:21:21,314,https://physical-balance-lab.com/wp/wp-content/uploads/2024/05/eyecatch.jpg,217,True,2,2,0,,,3,9
1135,寒暖差でギクッとしない！今更聞けないぎっくり腰の予防と対策,%e5%af%92%e6%9a%96%e5%b7%ae%e3%81%a7%e3%82%ae%e3%82%af%e3%83%83%e3%81%a8%e3%81%97%e3%81%aa%e3%81%84%ef%bc%81%e4%bb%8a%e6%9b%b4%e8%81%9e%e3%81%91%e3%81%aa%e3%81%84%e3%81%8e%e3%81%a3%e3%81%8f%e3%82%8a,https://physical-balance-lab.com/1135/,2025-01-31T17:24:29,2025-01-31T17:24:29,314,https://physical-balance-lab.com/wp/wp-content/uploads/2024/05/eyecatch.jpg,217,True,2,2,0,,,3,7
1133,【夜の痛みにさようなら！五十肩をラクにする僕のおすすめセルフケア】,%e3%80%90%e5%a4%9c%e3%81%ae%e7%97%9b%e3%81%bf%e3%81%ab%e3%81%95%e3%82%88%e3%81%86%e3%81%aa%e3%82%89%ef%bc%81%e4%ba%94%e5%8d%81%e8%82%a9%e3%82%92%e3%83%a9%e3%82%af%e3%81%ab%e3%81%99%e3%82%8b%e5%83%95,https://physical-balance-lab.com/1133/,2025-01-29T17:35:09,2025-01-29T17:35:09,314,https://physical-balance-lab.com/wp/wp-content/uploads/2024/05/eyecatch.jpg,217,True,2,2,0,,,3,7
1129,【国民病】諦めないで！つらい肩こりの原因と今すぐできる解消ステップ,%e3%80%90%e5%9b%bd%e6%b0%91%e7%97%85%e3%80%91%e8%ab%a6%e3%82%81%e3%81%aa%e3%81%84%e3%81%a7%ef%bc%81%e3%81%a4%e3%82%89%e3%81%84%e8%82%a9%e3%81%93%e3%82%8a%e3%81%ae%e5%8e%9f%e5%9b%a0%e3%81%a8%e4%bb%8a,https://physical-balance-lab.com/1129/,2025-01-22T13:47:29,2025-01-22T13:47:29,314,https://physical-balance-lab.com/wp/wp-content/uploads/2024/05/eyecatch.jpg,217,True,3,3,0,,,3,7
1127,40代からの腰痛、歳のせい？【脊柱側弯症と諦めない】痛みのない快適な毎日を取り戻す方法,40%e4%bb%a3%e3%81%8b%e3%82%89%e3%81%ae%e8%85%b0%e7%97%9b%e3%80%81%e6%ad%b3%e3%81%ae%e3%81%9b%e3%81%84%ef%bc%9f%e3%80%90%e8%84%8a%e6%9f%b1%e5%81%b4%e5%bc%af%e7%97%87%e3%81%a8%e8%ab%a6%e3%82%81%e3%81%aa,https://physical-balance-lab.com/1127/,2025-01-21T17:02:23,2025-01-21T17:02:23,314,https://physical-balance-lab.com/wp/wp-content/uploads/2024/05/eyecatch.jpg,217,True,3,3,0,,,3,6
1124,40代女性必見！専門家が教える、今すぐできる腰痛改善の秘訣,40%e4%bb%a3%e5%a5%b3%e6%80%a7%e5%bf%85%e8%a6%8b%ef%bc%81%e5%b0%82%e9%96%80%e5%ae%b6%e3%81%8c%e6%95%99%e3%81%88%e3%82%8b%e3%80%81%e4%bb%8a%e3%81%99%e3%81%90%e3%81%a7%e3%81%8d%e3%82%8b%e8%85%b0%e7%97%9b,https://physical-balance-lab.com/1124/,2025-01-18T17:17:03,2025-01-18T17:17:25,314,https://physical-balance-lab.com/wp/wp-content/uploads/2024/05/eyecatch.jpg,217,True,3,3,0,,,3,7
1122,手術なしでもラクになる！脊柱側弯症と腰痛から解放される新常識 ～僕が伝えたい背骨ケアのポイント～,%e6%89%8b%e8%a1%93%e3%81%aa%e3%81%97%e3%81%a7%e3%82%82%e3%83%a9%e3%82%af%e3%81%ab%e3%81%aa%e3%82%8b%ef%bc%81%e8%84%8a%e6%9f%b1%e5%81%b4%e5%bc%af%e7%97%87%e3%81%a8%e8%85%b0%e7%97%9b%e3%81%8b%e3%82%89,https://physical-balance-lab.com/1122/,2025-01-17T11:53:03,2025-01-17T11:53:03,314,https://physical-balance-lab.com/wp/wp-content/uploads/2024/05/eyecatch.jpg,217,True,2,2,0,,,3,8
1118,【思春期脊柱側弯症の予防策：健康な成長をサポートするためにできること】,%e3%80%90%e6%80%9d%e6%98%a5%e6%9c%9f%e8%84%8a%e6%9f%b1%e5%81%b4%e5%bc%af%e7%97%87%e3%81%ae%e4%ba%88%e9%98%b2%e7%ad%96%ef%bc%9a%e5%81%a5%e5%ba%b7%e3%81%aa%e6%88%90%e9%95%b7%e3%82%92%e3%82%b5%e3%83%9d,https://physical-balance-lab.com/1118/,2024-12-19T13:53:40,2024-12-19T13:53:40,314,https://physical-balance-lab.com/wp/wp-content/uploads/2024/05/eyecatch.jpg,217,True,2,2,0,,,3,10
1116,思春期脊柱側弯症を抱えるお子さんとご家族へ ～心と身体、そして未来へつなぐ安心のサポートガイド～,%e6%80%9d%e6%98%a5%e6%9c%9f%e8%84%8a%e6%9f%b1%e5%81%b4%e5%bc%af%e7%97%87%e3%82%92%e6%8a%b1%e3%81%88%e3%82%8b%e3%81%8a%e5%ad%90%e3%81%95%e3%82%93%e3%81%a8%e3%81%94%e5%ae%b6%e6%97%8f%e3%81%b8-%ef%bd%9e,https://physical-balance-lab.com/1116/,2024-12-18T11:23:30,2024-12-18T11:23:30,314,https://physical-balance-lab.com/wp/wp-content/uploads/2024/05/eyecatch.jpg,217,True,2,2,0,,,3,6
1107,高齢者の腰痛に効果的！？体のセンサーを鍛える最新治療「TVT」を解説！,%e8%85%b0%e7%97%9b%e3%81%ab%e3%83%90%e3%82%a4%e3%83%90%e3%82%a4%ef%bc%81%e4%bd%93%e3%81%ae%e3%82%bb%e3%83%b3%e3%82%b5%e3%83%bc%e3%82%92%e9%8d%9b%e3%81%88%e3%82%8b%e6%9c%80%e6%96%b0%e6%b2%bb%e7%99%82,https://physical-balance-lab.com/1107/,2024-12-09T11:33:16,2024-12-09T11:39:17,314,https://physical-balance-lab.com/wp/wp-content/uploads/2024/05/eyecatch.jpg,217,True,4,2,2,"1111,1109",https://physical-balance-lab.com/wp/wp-content/uploads/2024/12/fuantei_ashikoshi_obaasan.png | https://physical-balance-lab.com/wp/wp-content/uploads/2024/12/obaasan_korobu.png,1,10
1101,脊柱側弯症のストレッチ、気をつけるべき理由と安全な取り組み方,%e8%84%8a%e6%9f%b1%e5%81%b4%e5%bc%af%e7%97%87%e3%81%ae%e3%82%b9%e3%83%88%e3%83%ac%e3%83%83%e3%83%81%e3%80%81%e6%b0%97%e3%82%92%e3%81%a4%e3%81%91%e3%82%8b%e3%81%b9%e3%81%8d%e7%90%86%e7%94%b1%e3%81%a8,https://physical-balance-lab.com/1101/,2024-11-28T11:20:28,2024-11-28T11:25:43,314,https://physical-balance-lab.com/wp/wp-content/uploads/2024/05/eyecatch.jpg,217,True,4,2,2,"844,1103",https://physical-balance-lab.com/wp/wp-content/uploads/2024/07/00000041.jpg | https://physical-balance-lab.com/wp/wp-content/uploads/2024/11/unnamed-file.png,1,4
1098,姿勢が側弯症に与える影響とは？〜正しい姿勢と休憩がもたらす効果〜,%e5%a7%bf%e5%8b%a2%e3%81%8c%e5%81%b4%e5%bc%af%e7%97%87%e3%81%ab%e4%b8%8e%e3%81%88%e3%82%8b%e5%bd%b1%e9%9f%bf%e3%81%a8%e3%81%af%ef%bc%9f%e3%80%9c%e6%ad%a3%e3%81%97%e3%81%84%e5%a7%bf%e5%8b%a2%e3%81%a8,https://physical-balance-lab.com/1098/,2024-11-27T13:48:58,2024-11-27T13:48:58,314,https://physical-balance-lab.com/wp/wp-content/uploads/2024/05/eyecatch.jpg,217,True,3,2,1,844,https://physical-balance-lab.com/wp/wp-content/uploads/2024/07/00000041.jpg,2,7
1092,大人の脊柱側弯症、手術が必要なときって？―分かりやすく解説します,%e5%a4%a7%e4%ba%ba%e3%81%ae%e8%84%8a%e6%9f%b1%e5%81%b4%e5%bc%af%e7%97%87%e3%80%81%e6%89%8b%e8%a1%93%e3%81%8c%e5%bf%85%e8%a6%81%e3%81%aa%e3%81%a8%e3%81%8d%e3%81%a3%e3%81%a6%ef%bc%9f%e2%80%95%e5%88%86,https://physical-balance-lab.com/1092/,2024-11-26T15:25:13,2024-11-26T15:29:21,314,https://physical-balance-lab.com/wp/wp-content/uploads/2024/05/eyecatch.jpg,217,True,4,2,2,"844,1094",https://physical-balance-lab.com/wp/wp-content/uploads/2024/07/00000041.jpg | https://physical-balance-lab.com/wp/wp-content/uploads/2024/11/image_fx_-28.png,1,6
1087,冬に腰痛や坐骨神経痛が悪化する理由と対策は？予防法をわかりやすく解説！,%e5%86%ac%e3%81%ab%e8%85%b0%e7%97%9b%e3%82%84%e5%9d%90%e9%aa%a8%e7%a5%9e%e7%b5%8c%e7%97%9b%e3%81%8c%e6%82%aa%e5%8c%96%e3%81%99%e3%82%8b%e7%90%86%e7%94%b1%e3%81%a8%e5%af%be%e7%ad%96%e3%81%af%ef%bc%9f,https://physical-balance-lab.com/1087/,2024-11-25T10:31:29,2024-11-25T10:36:21,314,https://physical-balance-lab.com/wp/wp-content/uploads/2024/05/eyecatch.jpg,217,True,4,2,2,"1089,719",https://physical-balance-lab.com/wp/wp-content/uploads/2024/11/unnamed-file.jpg | https://physical-balance-lab.com/wp/wp-content/uploads/2024/06/Firefly-日本人女性。30代。腰が痛い様子。オフィス。カジュアルな服装。痛みで暗い表情。-37970-e1717841126733.jpg,1,6
1081,長時間座るのは危険？腰痛を防ぐ新しいアプローチ,%e9%95%b7%e6%99%82%e9%96%93%e5%ba%a7%e3%82%8b%e3%81%ae%e3%81%af%e5%8d%b1%e9%99%ba%ef%bc%9f%e8%85%b0%e7%97%9b%e3%82%92%e9%98%b2%e3%81%90%e6%96%b0%e3%81%97%e3%81%84%e3%82%a2%e3%83%97%e3%83%ad%e3%83%bc,https://physical-balance-lab.com/1081/,2024-11-22T15:39:13,2024-11-22T15:47:23,314,https://physical-balance-lab.com/wp/wp-content/uploads/2024/05/eyecatch.jpg,217,True,5,2,3,"1015,1007,1084",https://physical-balance-lab.com/wp/wp-content/uploads/2024/10/ImageFX-4.png | https://physical-balance-lab.com/wp/wp-content/uploads/2024/10/ImageFX-3.png | https://physical-balance-lab.com/wp/wp-content/uploads/2024/11/a-japanese-woman-walking-in-a-park-during-a-sunny-.jpg,0,7
1079,MRIで腰痛の原因が見える？腰痛持ちの人に多い背骨の変化とは,mri%e3%81%a7%e8%85%b0%e7%97%9b%e3%81%ae%e5%8e%9f%e5%9b%a0%e3%81%8c%e8%a6%8b%e3%81%88%e3%82%8b%ef%bc%9f%e8%85%b0%e7%97%9b%e6%8c%81%e3%81%a1%e3%81%ae%e4%ba%ba%e3%81%ab%e5%a4%9a%e3%81%84%e8%83%8c,https://physical-balance-lab.com/1079/,2024-11-21T11:11:26,2024-11-21T11:11:26,314,https://physical-balance-lab.com/wp/wp-content/uploads/2024/05/eyecatch.jpg,217,True,2,2,0,,,3,6
1074,【首の痛み】交通事故後の首・肩の痛みを治す！姿勢改善がカギだった！,%e3%80%90%e9%a6%96%e3%81%ae%e7%97%9b%e3%81%bf%e3%80%91%e4%ba%a4%e9%80%9a%e4%ba%8b%e6%95%85%e5%be%8c%e3%81%ae%e9%a6%96%e3%83%bb%e8%82%a9%e3%81%ae%e7%97%9b%e3%81%bf%e3%82%92%e6%b2%bb%e3%81%99%ef%bc%81,https://physical-balance-lab.com/1074/,2024-11-14T14:39:22,2024-11-14T14:39:22,314,https://physical-balance-lab.com/wp/wp-content/uploads/2024/05/eyecatch.jpg,217,True,2,2,0,,,3,5
1070,【衝撃】たった1日30分のウォーキングで腰痛再発リスクが28%も減少！最新研究で判明,%e3%80%90%e8%a1%9d%e6%92%83%e3%80%91%e3%81%9f%e3%81%a3%e3%81%9f1%e6%97%a530%e5%88%86%e3%81%ae%e3%82%a6%e3%82%a9%e3%83%bc%e3%82%ad%e3%83%b3%e3%82%b0%e3%81%a7%e8%85%b0%e7%97%9b%e5%86%8d%e7%99%ba,https://physical-balance-lab.com/1070/,2024-11-13T12:55:36,2024-11-12T13:30:03,314,https://physical-balance-lab.com/wp/wp-content/uploads/2024/05/eyecatch.jpg,217,True,2,2,0,,,3,6
1063,【腰痛】意外と知らない！体育座りの光と影 〜治療家が解説する正しい使い方〜,%e3%80%90%e8%85%b0%e7%97%9b%e3%80%91%e6%84%8f%e5%a4%96%e3%81%a8%e7%9f%a5%e3%82%89%e3%81%aa%e3%81%84%ef%bc%81%e4%bd%93%e8%82%b2%e5%ba%a7%e3%82%8a%e3%81%ae%e5%85%89%e3%81%a8%e5%bd%b1-%e3%80%9c%e6%b2%bb,https://physical-balance-lab.com/1063/,2024-11-12T12:25:44,2024-11-12T12:44:37,314,https://physical-balance-lab.com/wp/wp-content/uploads/2024/05/eyecatch.jpg,217,True,5,2,3,"1067,1066,1068",https://physical-balance-lab.com/wp/wp-content/uploads/2024/11/prompt-_a_high-resolution_realistic_photograph_of_a_young_boy_sitting_on_the_floor_against_a_plain__dcjhovy4modz5y8u5n2h_3.png | https://physical-balance-lab.com/wp/wp-content/uploads/2024/11/image_fx_-18.png | https://physical-balance-lab.com/wp/wp-content/uploads/2024/11/english_prompt_for_image_generation_ai-_a_photograph_of_a_young_japanese_woman_demonstrating_a_seat_fv7nrn93vogzgpqjtsl9_1.png,0,7
1061,放置するとヤバい！？大人の腰痛、その意外な原因と僕が実際に行った施術とは？,%e6%94%be%e7%bd%ae%e3%81%99%e3%82%8b%e3%81%a8%e3%83%a4%e3%83%90%e3%81%84%ef%bc%81%ef%bc%9f%e5%a4%a7%e4%ba%ba%e3%81%ae%e8%85%b0%e7%97%9b%e3%80%81%e3%81%9d%e3%81%ae%e6%84%8f%e5%a4%96%e3%81%aa%e5%8e%9f,https://physical-balance-lab.com/1061/,2024-11-11T11:26:47,2024-11-11T11:26:47,314,https://physical-balance-lab.com/wp/wp-content/uploads/2024/05/eyecatch.jpg,217,True,2,2,0,,,3,8
1058,76歳女性の腰痛改善！背骨の専門家が教える3つの治療アプローチ,76%e6%ad%b3%e5%a5%b3%e6%80%a7%e3%81%ae%e8%85%b0%e7%97%9b%e6%94%b9%e5%96%84%ef%bc%81%e8%83%8c%e9%aa%a8%e3%81%ae%e5%b0%82%e9%96%80%e5%ae%b6%e3%81%8c%e6%95%99%e3%81%88%e3%82%8b3%e3%81%a4%e3%81%ae,https://physical-balance-lab.com/1058/,2024-11-09T16:47:18,2024-11-09T16:47:18,314,https://physical-balance-lab.com/wp/wp-content/uploads/2024/05/eyecatch.jpg,217,True,2,2,0,,,3,4
1055,「骨盤の歪み」が気になる人へ！整体師が教える意外な真実と簡単改善法,%e3%80%8c%e9%aa%a8%e7%9b%a4%e3%81%ae%e6%ad%aa%e3%81%bf%e3%80%8d%e3%81%8c%e6%b0%97%e3%81%ab%e3%81%aa%e3%82%8b%e4%ba%ba%e3%81%b8%ef%bc%81%e6%95%b4%e4%bd%93%e5%b8%ab%e3%81%8c%e6%95%99%e3%81%88%e3%82%8b,https://physical-balance-lab.com/1055/,2024-11-06T15:36:57,2024-11-06T15:36:57,314,https://physical-balance-lab.com/wp/wp-content/uploads/2024/05/eyecatch.jpg,217,True,2,2,0,,,3,5
1050,【頚部痛】整体院長が明かす！「首の痛み」を自分で改善する4つのポイント,%e3%80%90%e9%a0%9a%e9%83%a8%e7%97%9b%e3%80%91%e6%95%b4%e4%bd%93%e9%99%a2%e9%95%b7%e3%81%8c%e6%98%8e%e3%81%8b%e3%81%99%ef%bc%81%e3%80%8c%e9%a6%96%e3%81%ae%e7%97%9b%e3%81%bf%e3%80%8d%e3%82%92%e8%87%aa,https://physical-balance-lab.com/1050/,2024-11-05T15:31:07,2024-11-05T15:35:13,314,https://physical-balance-lab.com/wp/wp-content/uploads/2024/05/eyecatch.jpg,217,True,4,2,2,"673,1053",https://physical-balance-lab.com/wp/wp-content/uploads/2024/06/Firefly-スケルトン。人体。背骨が右凸に弯曲している。骨盤から上半身が写っている。背面。レントゲン。-96979-e1730788501573.jpg | https://physical-balance-lab.com/wp/wp-content/uploads/2024/11/ImageFX-16.png,1,5
1048,意外と知らない！年齢も姿勢も腰痛の直接原因ではなかった！？,%e6%84%8f%e5%a4%96%e3%81%a8%e7%9f%a5%e3%82%89%e3%81%aa%e3%81%84%ef%bc%81%e5%b9%b4%e9%bd%a2%e3%82%82%e5%a7%bf%e5%8b%a2%e3%82%82%e8%85%b0%e7%97%9b%e3%81%ae%e7%9b%b4%e6%8e%a5%e5%8e%9f%e5%9b%a0%e3%81%a7,https://physical-balance-lab.com/1048/,2024-11-02T12:47:13,2024-11-02T12:47:13,314,https://physical-balance-lab.com/wp/wp-content/uploads/2024/05/eyecatch.jpg,217,True,2,2,0,,,3,4
1046,【腰痛】レントゲンやMRIで異常が見つかっても、実は痛みと関係ないかもしれない！,%e3%80%90%e8%85%b0%e7%97%9b%e3%80%91%e3%83%ac%e3%83%b3%e3%83%88%e3%82%b2%e3%83%b3%e3%82%84mri%e3%81%a7%e7%95%b0%e5%b8%b8%e3%81%8c%e8%a6%8b%e3%81%a4%e3%81%8b%e3%81%a3%e3%81%a6%e3%82%82%e3%80%81,https://physical-balance-lab.com/1046/,2024-11-01T16:27:40,2024-11-01T16:27:40,314,https://physical-balance-lab.com/wp/wp-content/uploads/2024/05/eyecatch.jpg,217,True,2,2,0,,,3,5
1039,【腰痛：先進国で腰痛が多いのはなぜ？座りすぎとストレス社会の意外な関係】,%e3%80%90%e8%85%b0%e7%97%9b%ef%bc%9a%e5%85%88%e9%80%b2%e5%9b%bd%e3%81%a7%e8%85%b0%e7%97%9b%e3%81%8c%e5%a4%9a%e3%81%84%e3%81%ae%e3%81%af%e3%81%aa%e3%81%9c%ef%bc%9f%e5%ba%a7%e3%82%8a%e3%81%99%e3%81%8e,https://physical-balance-lab.com/1039/,2024-10-30T16:14:49,2024-10-30T16:32:43,314,https://physical-balance-lab.com/wp/wp-content/uploads/2024/05/eyecatch.jpg,217,True,3,2,1,1041,https://physical-balance-lab.com/wp/wp-content/uploads/2024/10/586_2022_7133_Fig2_HTML.webp,2,8
1037,【整体師が解説】なぜ股関節の痛みは夜に悪化する？45歳女性の症例から学ぶ最新治療アプローチ！,%e3%80%90%e6%95%b4%e4%bd%93%e5%b8%ab%e3%81%8c%e8%a7%a3%e8%aa%ac%e3%80%91%e3%81%aa%e3%81%9c%e8%82%a1%e9%96%a2%e7%af%80%e3%81%ae%e7%97%9b%e3%81%bf%e3%81%af%e5%a4%9c%e3%81%ab%e6%82%aa%e5%8c%96%e3%81%99,https://physical-balance-lab.com/1037/,2024-10-29T17:10:57,2024-10-29T17:10:57,314,https://physical-balance-lab.com/wp/wp-content/uploads/2024/05/eyecatch.jpg,217,True,2,2,0,,,3,7
1035,【整形外科医も驚いた！夜の肩の痛みが劇的に改善する「究極の治療法」を徹底解説】,%e3%80%90%e6%95%b4%e5%bd%a2%e5%a4%96%e7%a7%91%e5%8c%bb%e3%82%82%e9%a9%9a%e3%81%84%e3%81%9f%ef%bc%81%e5%a4%9c%e3%81%ae%e8%82%a9%e3%81%ae%e7%97%9b%e3%81%bf%e3%81%8c%e5%8a%87%e7%9a%84%e3%81%ab%e6%94%b9,https://physical-balance-lab.com/1035/,2024-10-28T11:31:24,2024-10-28T11:31:24,314,https://physical-balance-lab.com/wp/wp-content/uploads/2024/05/eyecatch.jpg,217,True,2,2,0,,,3,8
1027,【知っておきたい！坐骨神経痛の3つの原因と意外な真実】,%e3%80%90%e7%9f%a5%e3%81%a3%e3%81%a6%e3%81%8a%e3%81%8d%e3%81%9f%e3%81%84%ef%bc%81%e5%9d%90%e9%aa%a8%e7%a5%9e%e7%b5%8c%e7%97%9b%e3%81%ae3%e3%81%a4%e3%81%ae%e5%8e%9f%e5%9b%a0%e3%81%a8%e6%84%8f%e5%a4%96,https://physical-balance-lab.com/1027/,2024-10-27T11:46:15,2024-10-27T11:57:51,314,https://physical-balance-lab.com/wp/wp-content/uploads/2024/05/eyecatch.jpg,217,True,4,2,2,"1032,1033",https://physical-balance-lab.com/wp/wp-content/uploads/2024/10/ImageFX-12.png | https://physical-balance-lab.com/wp/wp-content/uploads/2024/10/ImageFX-14.png,1,5
1019,【睡眠不足と腰痛の関係：「今日からできる！」質の良い睡眠で腰痛予防】,%e3%80%90%e7%9d%a1%e7%9c%a0%e4%b8%8d%e8%b6%b3%e3%81%a8%e8%85%b0%e7%97%9b%e3%81%ae%e9%96%a2%e4%bf%82%ef%bc%9a%e3%80%8c%e4%bb%8a%e6%97%a5%e3%81%8b%e3%82%89%e3%81%a7%e3%81%8d%e3%82%8b%ef%bc%81%e3%80%8d,https://physical-balance-lab.com/1019/,2024-10-25T17:21:06,2024-10-25T17:29:07,314,https://physical-balance-lab.com/wp/wp-content/uploads/2024/05/eyecatch.jpg,217,True,5,2,3,"1022,1024,1025",https://physical-balance-lab.com/wp/wp-content/uploads/2024/10/ImageFX-7.png | https://physical-balance-lab.com/wp/wp-content/uploads/2024/10/ImageFX-9.png | https://physical-balance-lab.com/wp/wp-content/uploads/2024/10/ImageFX-10.png,0,5
1014,【「正しい姿勢＝腰痛にならない？」 勘違いしやすい姿勢の話】,%e3%80%90%e3%80%8c%e6%ad%a3%e3%81%97%e3%81%84%e5%a7%bf%e5%8b%a2%ef%bc%9d%e8%85%b0%e7%97%9b%e3%81%ab%e3%81%aa%e3%82%89%e3%81%aa%e3%81%84%ef%bc%9f%e3%80%8d-%e5%8b%98%e9%81%95%e3%81%84%e3%81%97%e3%82%84,https://physical-balance-lab.com/1014/,2024-10-24T16:06:50,2024-10-24T17:07:32,314,https://physical-balance-lab.com/wp/wp-content/uploads/2024/05/eyecatch.jpg,217,True,4,2,2,"1015,1016",https://physical-balance-lab.com/wp/wp-content/uploads/2024/10/ImageFX-4.png | https://physical-balance-lab.com/wp/wp-content/uploads/2024/10/ImageFX-5.png,1,5
1009,【腰痛持ちは必見！実は「どっちも痛い」椎間板ヘルニアの真実に迫る！】,%e3%80%90%e8%85%b0%e7%97%9b%e6%8c%81%e3%81%a1%e3%81%af%e5%bf%85%e8%a6%8b%ef%bc%81%e5%ae%9f%e3%81%af%e3%80%8c%e3%81%a9%e3%81%a3%e3%81%a1%e3%82%82%e7%97%9b%e3%81%84%e3%80%8d%e6%a4%8e%e9%96%93%e6%9d%bf,https://physical-balance-lab.com/1009/,2024-10-23T18:49:20,2024-10-23T18:49:29,314,https://physical-balance-lab.com/wp/wp-content/uploads/2024/05/eyecatch.jpg,217,True,4,2,2,"1005,1010",https://physical-balance-lab.com/wp/wp-content/uploads/2024/10/image_fx_-11.png | https://physical-balance-lab.com/wp/wp-content/uploads/2024/10/image_fx_-12.png,1,5
1002,【腰痛の種類と原因：レントゲンに映らない8割の腰痛とは？】,%e3%80%90%e8%85%b0%e7%97%9b%e3%81%ae%e7%a8%ae%e9%a1%9e%e3%81%a8%e5%8e%9f%e5%9b%a0%ef%bc%9a%e3%83%ac%e3%83%b3%e3%83%88%e3%82%b2%e3%83%b3%e3%81%ab%e6%98%a0%e3%82%89%e3%81%aa%e3%81%848%e5%89%b2%e3%81%ae,https://physical-balance-lab.com/1002/,2024-10-22T10:36:21,2024-10-22T10:51:08,314,https://physical-balance-lab.com/wp/wp-content/uploads/2024/05/eyecatch.jpg,217,True,4,2,2,"1005,1007",https://physical-balance-lab.com/wp/wp-content/uploads/2024/10/image_fx_-11.png | https://physical-balance-lab.com/wp/wp-content/uploads/2024/10/ImageFX-3.png,1,4
995,【腰痛を悪化させる意外な行動：腹筋運動はNG？】,%e3%80%90%e8%85%b0%e7%97%9b%e3%82%92%e6%82%aa%e5%8c%96%e3%81%95%e3%81%9b%e3%82%8b%e6%84%8f%e5%a4%96%e3%81%aa%e8%a1%8c%e5%8b%95%ef%bc%9a%e8%85%b9%e7%ad%8b%e9%81%8b%e5%8b%95%e3%81%afng%ef%bc%9f%e3%80%91,https://physical-balance-lab.com/995/,2024-10-21T14:52:55,2024-10-21T15:06:58,314,https://physical-balance-lab.com/wp/wp-content/uploads/2024/05/eyecatch.jpg,217,True,5,2,3,"999,997,998",https://physical-balance-lab.com/wp/wp-content/uploads/2024/10/ImageFX.png | https://physical-balance-lab.com/wp/wp-content/uploads/2024/10/ImageFX-1.png | https://physical-balance-lab.com/wp/wp-content/uploads/2024/10/ImageFX-2.png,0,4
993,【反り腰と腰痛の関係の基本をおさらい】,%e3%80%90%e5%8f%8d%e3%82%8a%e8%85%b0%e3%81%a8%e8%85%b0%e7%97%9b%e3%81%ae%e9%96%a2%e4%bf%82%e3%81%ae%e5%9f%ba%e6%9c%ac%e3%82%92%e3%81%8a%e3%81%95%e3%82%89%e3%81%84%e3%80%91,https://physical-balance-lab.com/993/,2024-10-18T16:47:35,2024-10-18T16:47:35,314,https://physical-balance-lab.com/wp/wp-content/uploads/2024/05/eyecatch.jpg,217,True,2,2,0,,,3,6
990,【大人でも脊柱の形状は変えられる？側弯症の新常識！】,%e3%80%90%e5%a4%a7%e4%ba%ba%e3%81%a7%e3%82%82%e8%84%8a%e6%9f%b1%e3%81%ae%e5%bd%a2%e7%8a%b6%e3%81%af%e5%a4%89%e3%81%88%e3%82%89%e3%82%8c%e3%82%8b%ef%bc%9f%e5%81%b4%e5%bc%af%e7%97%87%e3%81%ae%e6%96%b0,https://physical-balance-lab.com/990/,2024-10-16T19:15:52,2024-10-16T19:15:52,314,https://physical-balance-lab.com/wp/wp-content/uploads/2024/05/eyecatch.jpg,217,True,2,2,0,,,3,5
984,【ZOZOスーツが脊柱側弯症対策に革命を起こす！？早期発見・治療で未来を変える！】,%e3%80%90zozo%e3%82%b9%e3%83%bc%e3%83%84%e3%81%8c%e8%84%8a%e6%9f%b1%e5%81%b4%e5%bc%af%e7%97%87%e5%af%be%e7%ad%96%e3%81%ab%e9%9d%a9%e5%91%bd%e3%82%92%e8%b5%b7%e3%81%93%e3%81%99%ef%bc%81%ef%bc%9f,https://physical-balance-lab.com/984/,2024-10-03T17:44:45,2024-10-03T17:44:45,314,https://physical-balance-lab.com/wp/wp-content/uploads/2024/05/eyecatch.jpg,217,True,3,2,1,985,https://physical-balance-lab.com/wp/wp-content/uploads/2024/10/1_20201029_ZOZOMT_Press_main.jpg,2,7
980,【最新研究でわかった！】脊柱側弯症のタイプ別 筋肉の硬さの違いと治療への影響,%e3%80%90%e6%9c%80%e6%96%b0%e7%a0%94%e7%a9%b6%e3%81%a7%e3%82%8f%e3%81%8b%e3%81%a3%e3%81%9f%ef%bc%81%e3%80%91%e8%84%8a%e6%9f%b1%e5%81%b4%e5%bc%af%e7%97%87%e3%81%ae%e3%82%bf%e3%82%a4%e3%83%97%e5%88%a5,https://physical-balance-lab.com/980/,2024-09-26T11:42:52,2024-09-24T11:50:36,314,https://physical-balance-lab.com/wp/wp-content/uploads/2024/05/eyecatch.jpg,217,True,2,2,0,,,3,3
978,【腰痛治療の新常識！？】手術後の骨粗鬆症リスク、その驚きの実態と対策とは,%e3%80%90%e8%85%b0%e7%97%9b%e6%b2%bb%e7%99%82%e3%81%ae%e6%96%b0%e5%b8%b8%e8%ad%98%ef%bc%81%ef%bc%9f%e3%80%91%e6%89%8b%e8%a1%93%e5%be%8c%e3%81%ae%e9%aa%a8%e7%b2%97%e9%ac%86%e7%97%87%e3%83%aa%e3%82%b9,https://physical-balance-lab.com/978/,2024-09-25T11:36:07,2024-09-24T11:42:41,314,https://physical-balance-lab.com/wp/wp-content/uploads/2024/05/eyecatch.jpg,217,True,2,2,0,,,3,5
976,【脊柱側弯症手術後の痛み – 半数以上が経験する長期的な苦痛への理解を深める】,%e3%80%90%e8%84%8a%e6%9f%b1%e5%81%b4%e5%bc%af%e7%97%87%e6%89%8b%e8%a1%93%e5%be%8c%e3%81%ae%e7%97%9b%e3%81%bf-%e5%8d%8a%e6%95%b0%e4%bb%a5%e4%b8%8a%e3%81%8c%e7%b5%8c%e9%a8%93%e3%81%99%e3%82%8b,https://physical-balance-lab.com/976/,2024-09-24T11:34:25,2026-07-17T20:44:38,314,https://physical-balance-lab.com/wp/wp-content/uploads/2024/05/eyecatch.jpg,217,True,2,2,0,,,3,9
971,思春期の側弯症、軽度だから安心はできない！最新の研究でわかった早期治療の重要性,%e6%80%9d%e6%98%a5%e6%9c%9f%e3%81%ae%e5%81%b4%e5%bc%af%e7%97%87%e3%80%81%e8%bb%bd%e5%ba%a6%e3%81%a0%e3%81%8b%e3%82%89%e5%ae%89%e5%bf%83%e3%81%af%e3%81%a7%e3%81%8d%e3%81%aa%e3%81%84%ef%bc%81%e6%9c%80,https://physical-balance-lab.com/971/,2024-09-17T14:41:02,2024-09-17T14:41:02,314,https://physical-balance-lab.com/wp/wp-content/uploads/2024/05/eyecatch.jpg,217,True,2,2,0,,,3,5
965,側弯症の装具4種類を解説！ミルウォーキー・ボストン・シュロスの違いと選び方,%e3%80%90%e8%84%8a%e6%9f%b1%e5%81%b4%e5%bc%af%e7%97%87%e3%81%ae%e8%a3%85%e5%85%b7%e6%b2%bb%e7%99%82%e3%80%81%e7%a8%ae%e9%a1%9e%e3%81%a8%e9%81%b8%e3%81%b3%e6%96%b9%e3%81%ae%e3%83%9d%e3%82%a4%e3%83%b3,https://physical-balance-lab.com/965/,2024-09-13T16:52:54,2026-07-17T20:44:40,314,https://physical-balance-lab.com/wp/wp-content/uploads/2024/05/eyecatch.jpg,217,True,6,2,4,"966,967,968,969",https://physical-balance-lab.com/wp/wp-content/uploads/2024/09/224_Set-300x232.jpg | https://physical-balance-lab.com/wp/wp-content/uploads/2024/09/Monica_2024-09-13_13-35-29-300x176.png | https://physical-balance-lab.com/wp/wp-content/uploads/2024/09/IMG_1981-e1576659235469.jpg | https://physical-balance-lab.com/wp/wp-content/uploads/2024/09/プレーリーくん２-224x300.webp,0,7
962,【五十肩】夜寝てると肩が痛い原因は〇〇だった！？姿勢分析で根本原因に迫る！,%e3%80%90%e4%ba%94%e5%8d%81%e8%82%a9%e3%80%91%e5%a4%9c%e5%af%9d%e3%81%a6%e3%82%8b%e3%81%a8%e8%82%a9%e3%81%8c%e7%97%9b%e3%81%84%e5%8e%9f%e5%9b%a0%e3%81%af%e3%80%87%e3%80%87%e3%81%a0%e3%81%a3%e3%81%9f,https://physical-balance-lab.com/962/,2024-09-11T09:46:19,2024-09-11T09:46:19,314,https://physical-balance-lab.com/wp/wp-content/uploads/2024/05/eyecatch.jpg,217,True,3,2,1,963,https://physical-balance-lab.com/wp/wp-content/uploads/2024/09/IMG_2354.jpg,2,7
952,【腰痛解説】脊柱管狭窄症の症状と治療法を論文に基づいて解説！,%e3%80%90%e8%85%b0%e7%97%9b%e8%a7%a3%e8%aa%ac%e3%80%91%e8%84%8a%e6%9f%b1%e7%ae%a1%e7%8b%ad%e7%aa%84%e7%97%87%e3%81%ae%e7%97%87%e7%8a%b6%e3%81%a8%e6%b2%bb%e7%99%82%e6%b3%95%e3%82%92%e8%ab%96%e6%96%87,https://physical-balance-lab.com/952/,2024-09-04T22:00:34,2024-09-06T00:00:25,314,https://physical-balance-lab.com/wp/wp-content/uploads/2024/05/eyecatch.jpg,217,True,2,2,0,,,3,7
947,【あなたの腰痛、実は老化のせい！？～整体院でプロテインを勧められる理由～】,%e3%80%90%e3%81%82%e3%81%aa%e3%81%9f%e3%81%ae%e8%85%b0%e7%97%9b%e3%80%81%e5%ae%9f%e3%81%af%e8%80%81%e5%8c%96%e3%81%ae%e3%81%9b%e3%81%84%ef%bc%81%ef%bc%9f%ef%bd%9e%e6%95%b4%e4%bd%93%e9%99%a2%e3%81%a7,https://physical-balance-lab.com/947/,2024-08-30T17:53:47,2024-08-30T17:54:32,314,https://physical-balance-lab.com/wp/wp-content/uploads/2024/05/eyecatch.jpg,217,True,2,2,0,,,3,6
943,【五十肩にも関係ある？パキパキ鳴る関節音の正体は？ 気にし過ぎはNG！その理由とメカニズムを解説】,%e3%80%90%e4%ba%94%e5%8d%81%e8%82%a9%e3%81%ab%e3%82%82%e9%96%a2%e4%bf%82%e3%81%82%e3%82%8b%ef%bc%9f%e3%83%91%e3%82%ad%e3%83%91%e3%82%ad%e9%b3%b4%e3%82%8b%e9%96%a2%e7%af%80%e9%9f%b3%e3%81%ae%e6%ad%a3,https://physical-balance-lab.com/943/,2024-08-27T14:49:28,2024-08-30T14:37:13,314,https://physical-balance-lab.com/wp/wp-content/uploads/2024/05/eyecatch.jpg,217,True,2,2,0,,,3,5
926,【最新の腰椎椎間板ヘルニア治療！酵素注入療法ってホントに効果あるの？】,926,https://physical-balance-lab.com/926/,2024-08-23T10:39:01,2024-08-21T18:05:47,314,https://physical-balance-lab.com/wp/wp-content/uploads/2024/05/eyecatch.jpg,217,True,4,2,2,"929,930",https://physical-balance-lab.com/wp/wp-content/uploads/2024/08/DsCfdTMiJPY4NVEoDYKPbZsrEX1ogIVGvYVnWk9EmsR.png | https://physical-balance-lab.com/wp/wp-content/uploads/2024/08/Gb1EdwAYIAK37AQ9U9y1cndEA5K16rNw5ZwRUQ5QT0K.png,1,7
932,【腰痛予防！看護師さん・介護職の方に知ってほしい！「ボディメカニクス」について】,%e3%80%90%e8%85%b0%e7%97%9b%e4%ba%88%e9%98%b2%ef%bc%81%e7%9c%8b%e8%ad%b7%e5%b8%ab%e3%81%95%e3%82%93%e3%83%bb%e4%bb%8b%e8%ad%b7%e8%81%b7%e3%81%ae%e6%96%b9%e3%81%ab%e7%9f%a5%e3%81%a3%e3%81%a6%e3%81%bb,https://physical-balance-lab.com/932/,2024-08-22T13:20:19,2024-08-23T11:28:55,314,https://physical-balance-lab.com/wp/wp-content/uploads/2024/05/eyecatch.jpg,217,True,3,2,1,938,https://physical-balance-lab.com/wp/wp-content/uploads/2024/08/youtsu_woman-197x300.png,2,8
923,【腰痛：骨盤ベルトって本当に効果あるの？ 筋肉への影響とバランス能力向上について解説！】,%e3%80%90%e8%85%b0%e7%97%9b%ef%bc%9a%e9%aa%a8%e7%9b%a4%e3%83%99%e3%83%ab%e3%83%88%e3%81%a3%e3%81%a6%e6%9c%ac%e5%bd%93%e3%81%ab%e5%8a%b9%e6%9e%9c%e3%81%82%e3%82%8b%e3%81%ae%ef%bc%9f-%e7%ad%8b%e8%82%89,https://physical-balance-lab.com/923/,2024-08-21T12:12:16,2024-08-21T12:24:20,314,https://physical-balance-lab.com/wp/wp-content/uploads/2024/05/eyecatch.jpg,217,True,2,2,0,,,3,7
917,【脊柱側弯症の手術を受けた10年後の痛みは？2023年研究データから見えてきたこと】,%e3%80%90%e8%84%8a%e6%9f%b1%e5%81%b4%e5%bc%af%e7%97%87%e6%89%8b%e8%a1%93%e3%81%ae%e7%a0%94%e7%a9%b6%e3%83%87%e3%83%bc%e3%82%bf%e3%81%8b%e3%82%89%e8%a6%8b%e3%81%88%e3%81%a6%e3%81%8d%e3%81%9f%e3%81%93,https://physical-balance-lab.com/917/,2024-08-19T21:08:16,2024-08-19T23:41:56,314,https://physical-balance-lab.com/wp/wp-content/uploads/2024/05/eyecatch.jpg,217,True,2,2,0,,,3,7
905,【骨盤矯正って効果あるの？】本当は歪んでいない？骨盤の歪みメカニズムを解説,%e3%80%90%e9%aa%a8%e7%9b%a4%e7%9f%af%e6%ad%a3%e3%81%a3%e3%81%a6%e5%8a%b9%e6%9e%9c%e3%81%82%e3%82%8b%e3%81%ae%ef%bc%9f%e3%80%91%e6%9c%ac%e5%bd%93%e3%81%af%e6%ad%aa%e3%82%93%e3%81%a7%e3%81%84%e3%81%aa,https://physical-balance-lab.com/905/,2024-08-15T20:15:59,2024-08-15T20:17:59,314,https://physical-balance-lab.com/wp/wp-content/uploads/2024/05/eyecatch.jpg,217,True,5,2,3,"906,908,909",https://physical-balance-lab.com/wp/wp-content/uploads/2024/08/body_kotsuban-300x271.png | https://physical-balance-lab.com/wp/wp-content/uploads/2024/08/4.png | https://physical-balance-lab.com/wp/wp-content/uploads/2024/08/9.png,0,7
898,【脊柱側弯症の長期的な治療効果を26年追跡調査した研究データ】,%e3%80%90%e8%84%8a%e6%9f%b1%e5%81%b4%e5%bc%af%e7%97%87%e3%81%ae%e9%95%b7%e6%9c%9f%e7%9a%84%e3%81%aa%e6%b2%bb%e7%99%82%e5%8a%b9%e6%9e%9c%e3%82%9226%e5%b9%b4%e8%bf%bd%e8%b7%a1%e8%aa%bf%e6%9f%bb%e3%81%97,https://physical-balance-lab.com/898/,2024-08-13T09:44:17,2024-08-13T09:44:17,314,https://physical-balance-lab.com/wp/wp-content/uploads/2024/05/eyecatch.jpg,217,True,2,2,0,,,3,4
892,【シュロス法が脊柱側弯症改善に効果があるという研究データ】,%e3%80%90%e3%82%b7%e3%83%a5%e3%83%ad%e3%82%b9%e6%b3%95%e3%81%8c%e8%84%8a%e6%9f%b1%e5%81%b4%e5%bc%af%e7%97%87%e6%94%b9%e5%96%84%e3%81%ab%e5%8a%b9%e6%9e%9c%e3%81%8c%e3%81%82%e3%82%8b%e3%81%a8%e3%81%84,https://physical-balance-lab.com/892/,2024-08-09T12:26:41,2024-08-09T12:28:01,314,https://physical-balance-lab.com/wp/wp-content/uploads/2024/05/eyecatch.jpg,217,True,2,2,0,,,3,9
888,【側弯症に推奨！ピラティスで姿勢が良くなる!? 最新研究からわかったすごい効果！】,%e3%80%90%e5%81%b4%e5%bc%af%e7%97%87%e3%81%ab%e6%8e%a8%e5%a5%a8%ef%bc%81%e3%83%94%e3%83%a9%e3%83%86%e3%82%a3%e3%82%b9%e3%81%a7%e5%a7%bf%e5%8b%a2%e3%81%8c%e8%89%af%e3%81%8f%e3%81%aa%e3%82%8b,https://physical-balance-lab.com/888/,2024-08-08T11:41:38,2024-08-08T11:50:43,314,https://physical-balance-lab.com/wp/wp-content/uploads/2024/05/eyecatch.jpg,217,True,3,2,1,890,https://physical-balance-lab.com/wp/wp-content/uploads/2024/08/Monica_2024-08-08_11-50-01.png,2,5
883,【腰痛改善に人気の運動！ピラティスとヨガ、似てるけど違うの？その特徴を比べてみよう！】,%e3%80%90%e8%85%b0%e7%97%9b%e6%94%b9%e5%96%84%e3%81%ab%e4%ba%ba%e6%b0%97%e3%81%ae%e9%81%8b%e5%8b%95%ef%bc%81%e3%83%94%e3%83%a9%e3%83%86%e3%82%a3%e3%82%b9%e3%81%a8%e3%83%a8%e3%82%ac%e3%80%81%e4%bc%bc,https://physical-balance-lab.com/883/,2024-08-06T19:03:36,2024-08-06T20:25:17,314,https://physical-balance-lab.com/wp/wp-content/uploads/2024/05/eyecatch.jpg,217,True,2,2,0,,,3,7
881,【朝、腰が痛くて起き上がれない…。その原因とアドバイスまとめ！】,%e3%80%90%e6%9c%9d%e3%80%81%e8%85%b0%e3%81%8c%e7%97%9b%e3%81%8f%e3%81%a6%e8%b5%b7%e3%81%8d%e4%b8%8a%e3%81%8c%e3%82%8c%e3%81%aa%e3%81%84%e3%80%82%e3%81%9d%e3%81%ae%e5%8e%9f%e5%9b%a0%e3%81%a8,https://physical-balance-lab.com/881/,2024-08-05T14:06:32,2024-08-05T14:06:32,314,https://physical-balance-lab.com/wp/wp-content/uploads/2024/05/eyecatch.jpg,217,True,2,2,0,,,3,3
877,【基礎解剖学シリーズ①：「人体の要＝脊椎」を解説】,%e3%80%90%e5%9f%ba%e7%a4%8e%e8%a7%a3%e5%89%96%e5%ad%a6%e3%82%b7%e3%83%aa%e3%83%bc%e3%82%ba%e2%91%a0%ef%bc%9a%e3%80%8c%e4%ba%ba%e4%bd%93%e3%81%ae%e8%a6%81%ef%bc%9d%e8%84%8a%e6%a4%8e%e3%80%8d%e3%82%92,https://physical-balance-lab.com/877/,2024-08-02T16:16:05,2024-08-02T16:16:05,314,https://physical-balance-lab.com/wp/wp-content/uploads/2024/05/eyecatch.jpg,217,True,2,2,0,,,3,7
872,【脊柱側弯症を早く見つける検査法！】,%e3%80%90%e8%84%8a%e6%9f%b1%e5%81%b4%e5%bc%af%e7%97%87%e3%82%92%e6%97%a9%e3%81%8f%e8%a6%8b%e3%81%a4%e3%81%91%e3%82%8b%e6%a4%9c%e6%9f%bb%e6%b3%95%ef%bc%81%e3%80%91,https://physical-balance-lab.com/872/,2024-08-01T12:44:24,2024-08-01T12:49:55,314,https://physical-balance-lab.com/wp/wp-content/uploads/2024/05/eyecatch.jpg,217,True,5,3,2,"875,873",https://physical-balance-lab.com/wp/wp-content/uploads/2024/08/Capture-2024-08-01-124814.png | https://physical-balance-lab.com/wp/wp-content/uploads/2024/08/脊柱側弯症チェック-176x300.png,1,7
868,【夏バテと腰痛の不思議な関係 〜自律神経が鍵を握る！〜】,%e3%80%90%e5%a4%8f%e3%83%90%e3%83%86%e3%81%a8%e8%85%b0%e7%97%9b%e3%81%ae%e4%b8%8d%e6%80%9d%e8%ad%b0%e3%81%aa%e9%96%a2%e4%bf%82-%e3%80%9c%e8%87%aa%e5%be%8b%e7%a5%9e%e7%b5%8c%e3%81%8c%e9%8d%b5%e3%82%92,https://physical-balance-lab.com/868/,2024-07-31T13:38:43,2024-07-31T13:38:43,314,https://physical-balance-lab.com/wp/wp-content/uploads/2024/05/eyecatch.jpg,217,True,4,2,2,"869,870",https://physical-balance-lab.com/wp/wp-content/uploads/2024/07/Capture-2024-07-31-131958.png | https://physical-balance-lab.com/wp/wp-content/uploads/2024/07/Capture-2024-07-31-131917.png,1,8
852,【腰痛：医師の共感力が患者の痛みを和らげる！？最新研究の詳細と驚きの結果とは！】,%e3%80%90%e8%85%b0%e7%97%9b%ef%bc%9a%e5%8c%bb%e5%b8%ab%e3%81%ae%e5%85%b1%e6%84%9f%e5%8a%9b%e3%81%8c%e6%82%a3%e8%80%85%e3%81%ae%e7%97%9b%e3%81%bf%e3%82%92%e5%92%8c%e3%82%89%e3%81%92%e3%82%8b%ef%bc%81,https://physical-balance-lab.com/852/,2024-07-30T13:28:40,2024-07-31T13:39:56,314,https://physical-balance-lab.com/wp/wp-content/uploads/2024/05/eyecatch.jpg,217,True,5,2,3,"856,859,860",https://physical-balance-lab.com/wp/wp-content/uploads/2024/07/Capture-2024-07-30-124318.png | https://physical-balance-lab.com/wp/wp-content/uploads/2024/07/Capture-2024-07-30-125640.png | https://physical-balance-lab.com/wp/wp-content/uploads/2024/07/Capture-2024-07-30-131930.png,0,8
848,【腰痛：思春期特発性側弯症の子どもたちの3年間を調査して分かったこと】,%e3%80%90%e8%85%b0%e7%97%9b%ef%bc%9a%e6%80%9d%e6%98%a5%e6%9c%9f%e7%89%b9%e7%99%ba%e6%80%a7%e5%81%b4%e5%bc%af%e7%97%87%e3%81%ae%e5%ad%90%e3%81%a9%e3%82%82%e3%81%9f%e3%81%a1%e3%81%ae3%e5%b9%b4%e9%96%93,https://physical-balance-lab.com/848/,2024-07-26T15:20:23,2024-07-30T17:08:12,314,https://physical-balance-lab.com/wp/wp-content/uploads/2024/05/eyecatch.jpg,217,True,3,2,1,849,https://physical-balance-lab.com/wp/wp-content/uploads/2024/07/Capture-2024-07-26-112814.png,2,5
842,【腰痛：「椎間板ヘルニア」と診断されたのに「様子を見ましょう」言われた話】,%e3%80%90%e8%85%b0%e7%97%9b%ef%bc%9a%e3%80%8c%e6%a4%8e%e9%96%93%e6%9d%bf%e3%83%98%e3%83%ab%e3%83%8b%e3%82%a2%e3%80%8d%e3%81%a8%e8%a8%ba%e6%96%ad%e3%81%95%e3%82%8c%e3%81%9f%e3%81%ae%e3%81%ab%e3%80%8c,https://physical-balance-lab.com/842/,2024-07-25T20:13:01,2024-08-25T00:17:18,314,https://physical-balance-lab.com/wp/wp-content/uploads/2024/05/eyecatch.jpg,217,True,2,2,0,,,3,3
839,【足がつる原因と対策について徹底解説！】,%e3%80%90%e8%b6%b3%e3%81%8c%e3%81%a4%e3%82%8b%e5%8e%9f%e5%9b%a0%e3%81%a8%e5%af%be%e7%ad%96%e3%81%ab%e3%81%a4%e3%81%84%e3%81%a6%e5%be%b9%e5%ba%95%e8%a7%a3%e8%aa%ac%ef%bc%81%e3%80%91,https://physical-balance-lab.com/839/,2024-07-24T10:56:16,2024-07-24T10:58:21,314,https://physical-balance-lab.com/wp/wp-content/uploads/2024/05/eyecatch.jpg,217,True,3,2,1,840,https://physical-balance-lab.com/wp/wp-content/uploads/2024/07/Capture-2024-07-24-093801.png,2,9
834,【慢性腰痛になりやすい人の特徴TOP5】,%e3%80%90%e6%85%a2%e6%80%a7%e8%85%b0%e7%97%9b%e3%81%ae%e3%81%aa%e3%82%8a%e3%82%84%e3%81%99%e3%81%84%e4%ba%ba%e3%81%ae%e7%89%b9%e5%be%b4top5%e3%80%91,https://physical-balance-lab.com/834/,2024-07-22T13:48:46,2024-07-22T14:20:42,314,https://physical-balance-lab.com/wp/wp-content/uploads/2024/05/eyecatch.jpg,217,True,3,2,1,835,https://physical-balance-lab.com/wp/wp-content/uploads/2024/07/Capture-2024-07-22-130923-e1721623709982.png,2,4
830,【腰痛改善へのヒントをWHOガイドラインから学ぶ】,%e3%80%90%e8%85%b0%e7%97%9b%e6%94%b9%e5%96%84%e3%81%b8%e3%81%ae%e3%83%92%e3%83%b3%e3%83%88%e3%82%92who%e3%82%ac%e3%82%a4%e3%83%89%e3%83%a9%e3%82%a4%e3%83%b3%e3%81%8b%e3%82%89%e5%ad%a6%e3%81%b6,https://physical-balance-lab.com/830/,2024-07-19T15:26:15,2024-07-19T15:26:15,314,https://physical-balance-lab.com/wp/wp-content/uploads/2024/05/eyecatch.jpg,217,True,5,3,2,"831,832",https://physical-balance-lab.com/wp/wp-content/uploads/2024/07/Capture-2024-07-19-133636-e1721370335666.png | https://physical-balance-lab.com/wp/wp-content/uploads/2024/07/Capture-2024-07-19-133700-e1721370241426.png,1,6
824,【安心してください！子どもの脊柱側弯症の統計と割合から見る実態】,%e3%80%90%e5%ae%89%e5%bf%83%e3%81%97%e3%81%a6%e3%81%8f%e3%81%a0%e3%81%95%e3%81%84%ef%bc%81%e5%ad%90%e3%81%a9%e3%82%82%e3%81%ae%e8%84%8a%e6%9f%b1%e5%81%b4%e5%bc%af%e7%97%87%e3%81%ae%e7%b5%b1%e8%a8%88,https://physical-balance-lab.com/824/,2024-07-18T16:52:06,2024-07-18T16:52:38,314,https://physical-balance-lab.com/wp/wp-content/uploads/2024/05/eyecatch.jpg,217,True,5,2,3,"825,826,827",https://physical-balance-lab.com/wp/wp-content/uploads/2024/07/スクリーンショット-2024-07-18-16.26.45.png | https://physical-balance-lab.com/wp/wp-content/uploads/2024/07/スクリーンショット-2024-07-18-16.27.11.png | https://physical-balance-lab.com/wp/wp-content/uploads/2024/07/スクリーンショット-2024-07-18-16.27.29.png,0,9
814,【腰痛：膝の伸展制限と腰痛の意外な関係！原因から対策まで徹底解説！】,%e3%80%90%e8%85%b0%e7%97%9b%ef%bc%9a%e8%86%9d%e3%81%ae%e4%bc%b8%e5%b1%95%e5%88%b6%e9%99%90%e3%81%a8%e8%85%b0%e7%97%9b%e3%81%ae%e6%84%8f%e5%a4%96%e3%81%aa%e9%96%a2%e4%bf%82%ef%bc%81%e5%8e%9f%e5%9b%a0,https://physical-balance-lab.com/814/,2024-07-16T17:30:41,2024-07-17T12:06:35,314,https://physical-balance-lab.com/wp/wp-content/uploads/2024/05/eyecatch.jpg,217,True,3,3,0,,,3,8
812,【頚椎症：首と肩の痛みを改善！日常生活での対策と整体の効果】,%e3%80%90%e9%a0%9a%e6%a4%8e%e7%97%87%ef%bc%9a%e9%a6%96%e3%81%a8%e8%82%a9%e3%81%ae%e7%97%9b%e3%81%bf%e3%82%92%e6%94%b9%e5%96%84%ef%bc%81%e6%97%a5%e5%b8%b8%e7%94%9f%e6%b4%bb%e3%81%a7%e3%81%ae%e5%af%be,https://physical-balance-lab.com/812/,2024-07-11T17:49:06,2024-07-11T17:49:06,314,https://physical-balance-lab.com/wp/wp-content/uploads/2024/05/eyecatch.jpg,217,True,2,2,0,,,3,5
808,【夏の暑さで悪化する腰痛・肩こり、その原因と対策】,%e3%80%90%e5%a4%8f%e3%81%ae%e6%9a%91%e3%81%95%e3%81%a7%e6%82%aa%e5%8c%96%e3%81%99%e3%82%8b%e8%85%b0%e7%97%9b%e3%83%bb%e8%82%a9%e3%81%93%e3%82%8a%e3%80%81%e3%81%9d%e3%81%ae%e5%8e%9f%e5%9b%a0%e3%81%a8,https://physical-balance-lab.com/808/,2024-07-10T11:05:30,2024-07-10T11:06:45,314,https://physical-balance-lab.com/wp/wp-content/uploads/2024/05/eyecatch.jpg,217,True,2,2,0,,,3,3
806,【側弯症：リアルな会話から紐解く、首の痛みの原因】,%e3%80%90%e5%81%b4%e5%bc%af%e7%97%87%ef%bc%9a%e3%83%aa%e3%82%a2%e3%83%ab%e3%81%aa%e4%bc%9a%e8%a9%b1%e3%81%8b%e3%82%89%e7%b4%90%e8%a7%a3%e3%81%8f%e3%80%81%e9%a6%96%e3%81%ae%e7%97%9b%e3%81%bf%e3%81%ae,https://physical-balance-lab.com/806/,2024-07-09T16:28:33,2024-07-09T16:28:33,314,https://physical-balance-lab.com/wp/wp-content/uploads/2024/05/eyecatch.jpg,217,True,3,3,0,,,3,4
804,【膝痛：ゴルフ好き必見！膝の内側の痛みにさよなら！その原因と効果的なケアをご紹介】,%e3%80%90%e8%86%9d%e7%97%9b%ef%bc%9a%e3%82%b4%e3%83%ab%e3%83%95%e5%a5%bd%e3%81%8d%e5%bf%85%e8%a6%8b%ef%bc%81%e8%86%9d%e3%81%ae%e5%86%85%e5%81%b4%e3%81%ae%e7%97%9b%e3%81%bf%e3%81%ab%e3%81%95%e3%82%88,https://physical-balance-lab.com/804/,2024-07-08T12:18:52,2024-07-08T12:18:52,314,https://physical-balance-lab.com/wp/wp-content/uploads/2024/05/eyecatch.jpg,217,True,2,2,0,,,3,4
802,【肩こりの原因はストレートネックかも！？2つのパターンと対策を解説！】,%e3%80%90%e8%82%a9%e3%81%93%e3%82%8a%e3%81%ae%e5%8e%9f%e5%9b%a0%e3%81%af%e3%82%b9%e3%83%88%e3%83%ac%e3%83%bc%e3%83%88%e3%83%8d%e3%83%83%e3%82%af%e3%81%8b%e3%82%82%ef%bc%81%ef%bc%9f2%e3%81%a4%e3%81%ae,https://physical-balance-lab.com/802/,2024-07-05T10:15:28,2024-07-05T10:15:28,314,https://physical-balance-lab.com/wp/wp-content/uploads/2024/05/eyecatch.jpg,217,True,3,3,0,,,3,5
800,【腰痛：腰椎椎間板ヘルニア、手術の前にちょっと待った！整体師が教えるホントウのところ】,%e3%80%90%e8%85%b0%e7%97%9b%ef%bc%9a%e8%85%b0%e6%a4%8e%e6%a4%8e%e9%96%93%e6%9d%bf%e3%83%98%e3%83%ab%e3%83%8b%e3%82%a2%e3%80%81%e6%89%8b%e8%a1%93%e3%81%ae%e5%89%8d%e3%81%ab%e3%81%a1%e3%82%87%e3%81%a3,https://physical-balance-lab.com/800/,2024-07-04T17:16:48,2024-07-04T17:16:48,314,https://physical-balance-lab.com/wp/wp-content/uploads/2024/05/eyecatch.jpg,217,True,3,3,0,,,3,6
798,【腰痛：効果のある腰痛対策を総まとめ！】,%e3%80%90%e8%85%b0%e7%97%9b%ef%bc%9a%e5%8a%b9%e6%9e%9c%e3%81%ae%e3%81%82%e3%82%8b%e8%85%b0%e7%97%9b%e5%af%be%e7%ad%96%e3%82%92%e7%b7%8f%e3%81%be%e3%81%a8%e3%82%81%ef%bc%81%e3%80%91,https://physical-balance-lab.com/798/,2024-07-03T15:40:33,2024-07-03T15:40:33,314,https://physical-balance-lab.com/wp/wp-content/uploads/2024/05/eyecatch.jpg,217,True,3,3,0,,,3,5
796,【腰痛：知らないと危険！腰痛と脱水の意外な関係】,%e3%80%90%e8%85%b0%e7%97%9b%ef%bc%9a%e7%9f%a5%e3%82%89%e3%81%aa%e3%81%84%e3%81%a8%e5%8d%b1%e9%99%ba%ef%bc%81%e8%85%b0%e7%97%9b%e3%81%a8%e8%84%b1%e6%b0%b4%e3%81%ae%e6%84%8f%e5%a4%96%e3%81%aa%e9%96%a2,https://physical-balance-lab.com/796/,2024-07-02T23:59:10,2024-07-02T23:59:10,314,https://physical-balance-lab.com/wp/wp-content/uploads/2024/05/eyecatch.jpg,217,True,2,2,0,,,3,4
793,【側弯症：本当に治してくれる整体院の選び方】,%e3%80%90%e5%81%b4%e5%bc%af%e7%97%87%ef%bc%9a%e6%9c%ac%e5%bd%93%e3%81%ab%e6%b2%bb%e3%81%97%e3%81%a6%e3%81%8f%e3%82%8c%e3%82%8b%e6%95%b4%e4%bd%93%e9%99%a2%e3%81%ae%e9%81%b8%e3%81%b3%e6%96%b9%e3%80%91,https://physical-balance-lab.com/793/,2024-07-01T18:36:42,2024-07-01T18:36:42,314,https://physical-balance-lab.com/wp/wp-content/uploads/2024/05/eyecatch.jpg,217,True,3,3,0,,,3,5
788,【側弯症：脊柱側弯症治療は、患者さんの悩みを理解することから】,%e3%80%90%e5%81%b4%e5%bc%af%e7%97%87%ef%bc%9a%e8%84%8a%e6%9f%b1%e5%81%b4%e5%bc%af%e7%97%87%e6%b2%bb%e7%99%82%e3%81%af%e3%80%81%e6%82%a3%e8%80%85%e3%81%95%e3%82%93%e3%81%ae%e6%82%a9%e3%81%bf%e3%82%92,https://physical-balance-lab.com/788/,2024-06-28T11:31:59,2024-06-28T11:31:59,314,https://physical-balance-lab.com/wp/wp-content/uploads/2024/05/eyecatch.jpg,217,True,2,2,0,,,3,9
781,【側弯症：女性が悩む脊柱側弯症の5つの症状】,%e3%80%90%e5%81%b4%e5%bc%af%e7%97%87%ef%bc%9a%e5%a5%b3%e6%80%a7%e3%81%8c%e6%82%a9%e3%82%80%e8%84%8a%e6%9f%b1%e5%81%b4%e5%bc%af%e7%97%87%e3%81%ae5%e3%81%a4%e3%81%ae%e7%97%87%e7%8a%b6%e3%80%91,https://physical-balance-lab.com/781/,2024-06-26T17:53:59,2024-06-26T17:55:16,314,https://physical-balance-lab.com/wp/wp-content/uploads/2024/05/eyecatch.jpg,217,True,2,2,0,,,3,8
770,【側弯症：脊柱側弯症と腰痛、実はこんな関係があるんです！】,%e3%80%90%e5%81%b4%e5%bc%af%e7%97%87%ef%bc%9a%e8%84%8a%e6%9f%b1%e5%81%b4%e5%bc%af%e7%97%87%e3%81%a8%e8%85%b0%e7%97%9b%e3%80%81%e5%ae%9f%e3%81%af%e3%81%93%e3%82%93%e3%81%aa%e9%96%a2%e4%bf%82%e3%81%8c,https://physical-balance-lab.com/770/,2024-06-24T11:01:00,2024-06-24T11:31:37,314,https://physical-balance-lab.com/wp/wp-content/uploads/2024/05/eyecatch.jpg,217,True,2,2,0,,,3,5
766,【膝痛：歩き方の意識で痛みを改善！登山愛好家の方へのアドバイス】,%e3%80%90%e8%86%9d%e7%97%9b%ef%bc%9a%e6%ad%a9%e3%81%8d%e6%96%b9%e3%81%ae%e6%84%8f%e8%ad%98%e3%81%a7%e7%97%9b%e3%81%bf%e3%82%92%e6%94%b9%e5%96%84%ef%bc%81%e7%99%bb%e5%b1%b1%e6%84%9b%e5%a5%bd%e5%ae%b6,https://physical-balance-lab.com/766/,2024-06-21T13:29:49,2024-06-21T13:29:49,314,https://physical-balance-lab.com/wp/wp-content/uploads/2024/05/eyecatch.jpg,217,True,5,3,2,"767,768",https://physical-balance-lab.com/wp/wp-content/uploads/2024/06/image_fx_japanese_female_50s_mountaineering_beauti.jpg | https://physical-balance-lab.com/wp/wp-content/uploads/2024/06/image_fx_japanese__female__50s__mountaineering__le.jpg,1,5
761,【五十肩：肩こりが悪化して五十肩に！？デスクワーカーは要注意！】,%e3%80%90%e4%ba%94%e5%8d%81%e8%82%a9%ef%bc%9a%e8%82%a9%e3%81%93%e3%82%8a%e3%81%8c%e6%82%aa%e5%8c%96%e3%81%97%e3%81%a6%e4%ba%94%e5%8d%81%e8%82%a9%e3%81%ab%ef%bc%81%ef%bc%9f%e3%83%87%e3%82%b9%e3%82%af,https://physical-balance-lab.com/761/,2024-06-20T18:25:19,2024-06-20T18:28:27,314,https://physical-balance-lab.com/wp/wp-content/uploads/2024/05/eyecatch.jpg,217,True,4,3,1,762,https://physical-balance-lab.com/wp/wp-content/uploads/2024/06/image_fx_japanese_male_40s_desk_job_computer_in_fr.jpg,2,5
757,【腰痛：水は「生活費」です！生活費を削っては体は貧乏になってしまいます。】,%e3%80%90%e8%85%b0%e7%97%9b%ef%bc%9a%e6%b0%b4%e3%81%af%e3%80%8c%e7%94%9f%e6%b4%bb%e8%b2%bb%e3%80%8d%e3%81%a7%e3%81%99%ef%bc%81%e7%94%9f%e6%b4%bb%e8%b2%bb%e3%82%92%e5%89%8a%e3%81%a3%e3%81%a6%e3%81%af,https://physical-balance-lab.com/757/,2024-06-19T15:34:37,2024-06-19T15:34:37,314,https://physical-balance-lab.com/wp/wp-content/uploads/2024/05/eyecatch.jpg,217,True,4,2,2,"758,759",https://physical-balance-lab.com/wp/wp-content/uploads/2024/06/image_fx_japanese_female_30s_smile_drinking_water.jpg | https://physical-balance-lab.com/wp/wp-content/uploads/2024/06/image_fx_japanese_female_30s_appearance_of_suppress.jpg,1,13
751,【五十肩に悩む動物園の飼育委員さんの話】,%e3%80%90%e4%ba%94%e5%8d%81%e8%82%a9%e3%81%ab%e6%82%a9%e3%82%80%e5%8b%95%e7%89%a9%e5%9c%92%e3%81%ae%e9%a3%bc%e8%82%b2%e5%a7%94%e5%93%a1%e3%81%95%e3%82%93%e3%81%ae%e8%a9%b1%e3%80%91,https://physical-balance-lab.com/751/,2024-06-18T19:24:56,2024-06-18T19:24:56,314,https://physical-balance-lab.com/wp/wp-content/uploads/2024/05/eyecatch.jpg,217,True,5,3,2,"754,755",https://physical-balance-lab.com/wp/wp-content/uploads/2024/06/image_fx_japanese__male__in_his_50s__zoo_keeper__f.jpg | https://physical-balance-lab.com/wp/wp-content/uploads/2024/06/image_fx_japanese__male__in_his_50s__zoo_keeper__p.jpg,1,5
748,【肩こり：患者様体験談！肩こりからくる自律神経の乱れ、整体でどこまで改善？】,%e3%80%90%e8%82%a9%e3%81%93%e3%82%8a%ef%bc%9a%e6%82%a3%e8%80%85%e6%a7%98%e4%bd%93%e9%a8%93%e8%ab%87%ef%bc%81%e8%82%a9%e3%81%93%e3%82%8a%e3%81%8b%e3%82%89%e3%81%8f%e3%82%8b%e8%87%aa%e5%be%8b%e7%a5%9e,https://physical-balance-lab.com/748/,2024-06-17T14:15:23,2024-06-17T14:15:23,314,https://physical-balance-lab.com/wp/wp-content/uploads/2024/05/eyecatch.jpg,217,True,4,3,1,749,https://physical-balance-lab.com/wp/wp-content/uploads/2024/06/Firefly-日本人。女性。30代。若い。右肩。肩の痛み。痛くて暗い表情。右肩を左手でおさえている。リビング。-70766-scaled-e1718601075820.jpg,2,5
744,【肩の痛み：テニスプレーヤーを悩ます体のねじれ、その原因と改善策とは？】,%e3%80%90%e8%82%a9%e3%81%ae%e7%97%9b%e3%81%bf%ef%bc%9a%e3%83%86%e3%83%8b%e3%82%b9%e3%83%97%e3%83%ac%e3%83%bc%e3%83%a4%e3%83%bc%e3%82%92%e6%82%a9%e3%81%be%e3%81%99%e4%bd%93%e3%81%ae%e3%81%ad%e3%81%98,https://physical-balance-lab.com/744/,2024-06-14T18:07:12,2024-06-14T18:07:12,314,https://physical-balance-lab.com/wp/wp-content/uploads/2024/05/eyecatch.jpg,217,True,4,3,1,745,https://physical-balance-lab.com/wp/wp-content/uploads/2024/06/image_fx_japanese_male__30s__tennis_player_moment_o.jpg,2,6
790,【脊柱側弯症に対する僕の治療哲学】,%e3%80%90%e8%84%8a%e6%9f%b1%e5%81%b4%e5%bc%af%e7%97%87%e3%81%ab%e5%af%be%e3%81%99%e3%82%8b%e5%83%95%e3%81%ae%e6%b2%bb%e7%99%82%e5%93%b2%e5%ad%a6%e3%80%91,https://physical-balance-lab.com/790/,2024-06-13T11:36:19,2024-06-28T11:55:31,314,https://physical-balance-lab.com/wp/wp-content/uploads/2024/05/eyecatch.jpg,217,True,3,3,0,,,3,6
731,【手首の痛み：ゴルフ好きは要注意！手首の痛み＋ゴルフ肘の原因と対策について解説！】,%e3%80%90%e6%89%8b%e9%a6%96%e3%81%ae%e7%97%9b%e3%81%bf%ef%bc%9a%e3%82%b4%e3%83%ab%e3%83%95%e5%a5%bd%e3%81%8d%e3%81%af%e8%a6%81%e6%b3%a8%e6%84%8f%ef%bc%81%e6%89%8b%e9%a6%96%e3%81%ae%e7%97%9b%e3%81%bf,https://physical-balance-lab.com/731/,2024-06-12T12:21:46,2024-06-12T12:47:58,314,https://physical-balance-lab.com/wp/wp-content/uploads/2024/05/eyecatch.jpg,217,True,6,3,3,"733,,734",https://physical-balance-lab.com/wp/wp-content/uploads/2024/06/image_fx_.jpg | https://www.zamst-online.jp/brand/wp-content/uploads/2023/12/post032_img02.jpg | https://physical-balance-lab.com/wp/wp-content/uploads/2024/06/image_fx_japanese_male_40s_golf_wear_right_wrist_he.jpg,0,5
729,【肩こり：放置すると体に悪影響？！つらい首こり、その原因は〇〇にあった？！】,%e3%80%90%e8%82%a9%e3%81%93%e3%82%8a%ef%bc%9a%e6%94%be%e7%bd%ae%e3%81%99%e3%82%8b%e3%81%a8%e4%bd%93%e3%81%ab%e6%82%aa%e5%bd%b1%e9%9f%bf%ef%bc%9f%ef%bc%81%e3%81%a4%e3%82%89%e3%81%84%e9%a6%96%e3%81%93,https://physical-balance-lab.com/729/,2024-06-11T14:54:01,2024-06-11T14:54:01,314,https://physical-balance-lab.com/wp/wp-content/uploads/2024/05/eyecatch.jpg,217,True,4,3,1,688,https://physical-balance-lab.com/wp/wp-content/uploads/2024/06/Firefly-日本人。30代。女性。高いところに手を伸ばしている。右肩が痛い。五十肩。辛そうな表情。右肩を手でおさえている。-76497-e1718084918301.jpg,2,4
722,【腰痛：放っておくと大変なことに…？！その腰痛、実は股関節が原因かも？】,%e3%80%90%e8%85%b0%e7%97%9b%ef%bc%9a%e3%81%a3%e3%81%a6%e3%81%8a%e3%81%8f%e3%81%a8%e5%a4%a7%e5%a4%89%e3%81%aa%e3%81%93%e3%81%a8%e3%81%ab%ef%bc%9f%ef%bc%81%e3%81%9d%e3%81%ae%e8%85%b0%e7%97%9b,https://physical-balance-lab.com/722/,2024-06-10T12:57:06,2024-06-10T12:58:25,314,https://physical-balance-lab.com/wp/wp-content/uploads/2024/05/eyecatch.jpg,217,True,6,3,3,"723,724,725",https://physical-balance-lab.com/wp/wp-content/uploads/2024/06/image_fx_japanese_male_40s_back_pain_desk_job_wear.jpg | https://physical-balance-lab.com/wp/wp-content/uploads/2024/06/image_fx_japanese_male_40s_enjoys_riding_his_motorbi.jpg | https://physical-balance-lab.com/wp/wp-content/uploads/2024/06/image_fx_japanese_male_40s_exercise_in_the_park_str.jpg,0,4
718,【腰痛：僕は「腰痛は治りました！」を鵜呑みにしません！大切なのは『姿勢』を維持できているかどうか！】,%e3%80%90%e8%85%b0%e7%97%9b%ef%bc%9a%e5%83%95%e3%81%af%e3%80%8c%e8%85%b0%e7%97%9b%e3%81%af%e6%b2%bb%e3%82%8a%e3%81%be%e3%81%97%e3%81%9f%ef%bc%81%e3%80%8d%e3%82%92%e9%b5%9c%e5%91%91%e3%81%bf%e3%81%ab,https://physical-balance-lab.com/718/,2024-06-08T19:09:19,2024-06-08T19:11:06,314,https://physical-balance-lab.com/wp/wp-content/uploads/2024/05/eyecatch.jpg,217,True,4,3,1,719,https://physical-balance-lab.com/wp/wp-content/uploads/2024/06/Firefly-日本人女性。30代。腰が痛い様子。オフィス。カジュアルな服装。痛みで暗い表情。-37970-e1717841126733.jpg,2,3
709,【肩こり：デスクワークでガチガチ…肩こりからの解放！自然な姿勢を取り戻すための「巻き肩解消」の秘訣とは？】,%e3%80%90%e8%82%a9%e3%81%93%e3%82%8a%ef%bc%9a%e3%83%87%e3%82%b9%e3%82%af%e3%83%af%e3%83%bc%e3%82%af%e3%81%a7%e3%82%ac%e3%83%81%e3%82%ac%e3%83%81%e8%82%a9%e3%81%93%e3%82%8a%e3%81%8b%e3%82%89,https://physical-balance-lab.com/709/,2024-06-07T14:58:18,2024-06-07T15:01:50,314,https://physical-balance-lab.com/wp/wp-content/uploads/2024/05/eyecatch.jpg,217,True,4,2,2,"680,689",https://physical-balance-lab.com/wp/wp-content/uploads/2024/06/Firefly-デスクワークをしている30代日本人女性。カジュアルスーツを着て、肩こりを気にしている様子。-96979-e1717550075650.jpg | https://physical-balance-lab.com/wp/wp-content/uploads/2024/06/Firefly-日本人。30代。女性。高いところに置いてあるものを取ろうとして手を伸ばしている。辛そうな表情。痛い右肩を左手でおさえている。-55218-e1717739694883.jpg,1,6
699,【腰痛：長距離運転が多いあなたへ。整体師が教える肩や腰の負担を軽減するストレッチ】,%e3%80%90%e8%85%b0%e7%97%9b%ef%bc%9a%e9%95%b7%e8%b7%9d%e9%9b%a2%e9%81%8b%e8%bb%a2%e3%81%8c%e5%a4%9a%e3%81%84%e3%81%82%e3%81%aa%e3%81%9f%e3%81%b8%e3%80%82%e6%95%b4%e4%bd%93%e5%b8%ab%e3%81%8c%e6%95%99,https://physical-balance-lab.com/699/,2024-06-06T12:01:46,2024-06-06T12:01:46,314,https://physical-balance-lab.com/wp/wp-content/uploads/2024/05/eyecatch.jpg,217,True,4,2,2,"700,701",https://physical-balance-lab.com/wp/wp-content/uploads/2024/06/Firefly-日本人。男性。30代。車の運転。腰が痛い。痛みで暗い表情。カジュアルスーツ。車内。-87465-e1717642474883.jpg | https://physical-balance-lab.com/wp/wp-content/uploads/2024/06/Firefly-日本人。男性。30代。ストレッチ。ハムストリングス。スポーツウェア。-16138-e1717642678800.jpg,1,4
672,【腰痛？五十肩？：デスクワークと右肩の違和感の正体！整体で明らかになった体の歪み】,%e3%80%90%e8%85%b0%e7%97%9b%ef%bc%9f%e4%ba%94%e5%8d%81%e8%82%a9%ef%bc%9f%ef%bc%9a%e3%83%87%e3%82%b9%e3%82%af%e3%83%af%e3%83%bc%e3%82%af%e3%81%a8%e5%8f%b3%e8%82%a9%e3%81%ae%e9%81%95%e5%92%8c%e6%84%9f,https://physical-balance-lab.com/672/,2024-06-05T10:17:41,2024-06-05T10:18:22,314,https://physical-balance-lab.com/wp/wp-content/uploads/2024/05/eyecatch.jpg,217,True,5,3,2,"680,675",https://physical-balance-lab.com/wp/wp-content/uploads/2024/06/Firefly-デスクワークをしている30代日本人女性。カジュアルスーツを着て、肩こりを気にしている様子。-96979-e1717550075650.jpg | https://physical-balance-lab.com/wp/wp-content/uploads/2024/06/Firefly-スケルトンの人体。背骨が右凸に弯曲している。骨盤から上半身が写っている。-45023-e1717550161524.jpg,1,6
667,【側弯症：背骨のゆがみがもたらす危険信号！脊柱側弯症の理解】,%e3%80%90%e5%81%b4%e5%bc%af%e7%97%87%ef%bc%9a%e8%83%8c%e9%aa%a8%e3%81%ae%e3%82%86%e3%81%8c%e3%81%bf%e3%81%8c%e3%82%82%e3%81%9f%e3%82%89%e3%81%99%e5%8d%b1%e9%99%ba%e4%bf%a1%e5%8f%b7%ef%bc%81%e8%84%8a,https://physical-balance-lab.com/667/,2024-06-03T16:18:50,2024-06-03T16:18:50,314,https://physical-balance-lab.com/wp/wp-content/uploads/2024/05/eyecatch.jpg,217,True,5,3,2,"549,430",https://physical-balance-lab.com/wp/wp-content/uploads/2024/04/側弯症①.jpg | https://physical-balance-lab.com/wp/wp-content/uploads/2024/05/DALL·E-2024-05-01-16.26.53-An-illustration-showing-the-impact-of-spinal-curvature-on-the-shoulder.-The-image-should-depict-a-human-skeleton-from-the-side-with-a-clear-curvature.png,1,5
661,【足がつる原因：これからは「水」が重要です！】,%e3%80%90%e8%b6%b3%e3%81%8c%e3%81%a4%e3%82%8b%e5%8e%9f%e5%9b%a0%ef%bc%9a%e3%81%93%e3%82%8c%e3%81%8b%e3%82%89%e3%81%af%e3%80%8c%e6%b0%b4%e3%80%8d%e3%81%8c%e9%87%8d%e8%a6%81%e3%81%a7%e3%81%99%ef%bc%81,https://physical-balance-lab.com/661/,2024-05-31T11:42:02,2024-06-24T11:02:20,314,https://physical-balance-lab.com/wp/wp-content/uploads/2024/05/eyecatch.jpg,217,True,5,3,2,"662,663",https://physical-balance-lab.com/wp/wp-content/uploads/2024/05/DALL·E-2024-05-31-11.23.23-A-realistic-photo-style-image-of-a-person-drinking-water-in-a-park-on-a-sunny-day.-The-person-is-sitting-on-a-bench-holding-a-water-bottle-and-looks.jpg | https://physical-balance-lab.com/wp/wp-content/uploads/2024/05/DALL·E-2024-05-31-11.23.25-A-realistic-photo-style-image-of-a-person-stretching-outdoors-on-a-yoga-mat-in-a-park.-The-person-is-in-a-peaceful-pose-surrounded-by-green-grass-and.jpg,1,7
657,【五十肩：40代主婦を襲った激痛！その原因は肩の「軸ズレ」だった？！～整体師が解説する原因と対策～】,%e3%80%90%e4%ba%94%e5%8d%81%e8%82%a9%ef%bc%9a40%e4%bb%a3%e4%b8%bb%e5%a9%a6%e3%82%92%e8%a5%b2%e3%81%a3%e3%81%9f%e6%bf%80%e7%97%9b%ef%bc%81%e3%81%9d%e3%81%ae%e5%8e%9f%e5%9b%a0%e3%81%af%e8%82%a9%e3%81%ae,https://physical-balance-lab.com/657/,2024-05-30T16:36:50,2024-09-11T00:24:23,314,https://physical-balance-lab.com/wp/wp-content/uploads/2024/05/eyecatch.jpg,217,True,5,3,2,"260,430",https://physical-balance-lab.com/wp/wp-content/uploads/2024/04/top-sekitsui.jpg | https://physical-balance-lab.com/wp/wp-content/uploads/2024/05/DALL·E-2024-05-01-16.26.53-An-illustration-showing-the-impact-of-spinal-curvature-on-the-shoulder.-The-image-should-depict-a-human-skeleton-from-the-side-with-a-clear-curvature.png,1,8
648,【五十肩：放置すると腕が上がらなくなる！？マッサージ師を襲った「肩の痛み」の意外な原因とは】,%e3%80%90%e4%ba%94%e5%8d%81%e8%82%a9%ef%bc%9a%e6%94%be%e7%bd%ae%e3%81%99%e3%82%8b%e3%81%a8%e8%85%95%e3%81%8c%e4%b8%8a%e3%81%8c%e3%82%89%e3%81%aa%e3%81%8f%e3%81%aa%e3%82%8b%ef%bc%81%ef%bc%9f%e3%83%9e,https://physical-balance-lab.com/648/,2024-05-29T23:02:01,2024-06-24T11:02:41,314,https://physical-balance-lab.com/wp/wp-content/uploads/2024/05/eyecatch.jpg,217,True,5,2,3,"653,652,650",https://physical-balance-lab.com/wp/wp-content/uploads/2024/05/DALL·E-2024-05-29-16.50.03-A-40-year-old-Japanese-female-massage-therapist-expressing-pain-in-her-left-shoulder-with-the-background-showing-a-treatment-room-in-a-chiropractic-c.webp | https://physical-balance-lab.com/wp/wp-content/uploads/2024/05/DALL·E-2024-05-29-16.49.58-A-Japanese-woman-falling-and-breaking-her-left-shoulder-while-walking-a-dog-in-a-park-tripping-over-the-leash-on-a-pathway.webp | https://physical-balance-lab.com/wp/wp-content/uploads/2024/05/DALL·E-2024-05-29-16.49.55-A-Japanese-woman-feeling-relief-in-her-shoulder-after-treatment-expressing-gratitude-to-the-chiropractor-with-a-bright-smile.webp,0,5
634,【五十肩：年齢は関係ない！若い世代でも発症する五十肩の真実】,%e3%80%90%e4%ba%94%e5%8d%81%e8%82%a9%ef%bc%9a%e5%b9%b4%e9%bd%a2%e3%81%af%e9%96%a2%e4%bf%82%e3%81%aa%e3%81%84%ef%bc%81%e8%8b%a5%e3%81%84%e4%b8%96%e4%bb%a3%e3%81%a7%e3%82%82%e7%99%ba%e7%97%87%e3%81%99,https://physical-balance-lab.com/634/,2024-05-28T20:36:00,2024-05-28T20:37:09,314,https://physical-balance-lab.com/wp/wp-content/uploads/2024/05/eyecatch.jpg,217,True,6,2,4,"637,426,640,641",https://physical-balance-lab.com/wp/wp-content/uploads/2024/05/DALL·E-2024-05-28-19.56.51-Create-a-realistic-photo-style-image-of-a-doctor-examining-a-patients-shoulder-in-a-medical-clinic.-The-doctor-is-using-their-hands-to-check-for-pain.jpg | https://physical-balance-lab.com/wp/wp-content/uploads/2024/05/DALL·E-2024-04-28-01.26.26-A-30-something-Asian-woman-working-at-her-desk-on-a-computer-in-a-modern-office-setting.-She-has-a-focused-expression-embodying-professionalism-and-d.png | https://physical-balance-lab.com/wp/wp-content/uploads/2024/05/DALL·E-2024-05-28-19.58.47-Create-a-realistic-photo-style-image-of-a-young-Japanese-woman-consulting-with-a-physical-therapist-about-shoulder-pain.-The-background-should-show-a-.jpg | https://physical-balance-lab.com/wp/wp-content/uploads/2024/05/DALL·E-2024-05-28-19.58.48-Create-a-realistic-photo-style-image-of-a-young-Japanese-woman-using-a-foam-roller-to-relieve-shoulder-pain-at-home.-The-background-should-show-a-mode.jpg,0,6
495,【腰痛：梅雨時期に多発する腰痛の原因と対策】,%e3%80%90%e8%85%b0%e7%97%9b%ef%bc%9a%e6%a2%85%e9%9b%a8%e6%99%82%e6%9c%9f%e3%81%ab%e5%a4%9a%e7%99%ba%e3%81%99%e3%82%8b%e8%85%b0%e7%97%9b%e3%81%ae%e5%8e%9f%e5%9b%a0%e3%81%a8%e5%af%be%e7%ad%96%e3%80%91,https://physical-balance-lab.com/495/,2024-05-22T12:12:12,2024-05-23T14:46:47,314,https://physical-balance-lab.com/wp/wp-content/uploads/2024/05/eyecatch.jpg,217,True,5,2,3,"499,497,502",https://physical-balance-lab.com/wp/wp-content/uploads/2024/05/DALL·E-2024-05-22-13.12.10-Create-a-realistic-photo-like-image-of-a-Japanese-woman-in-her-40s-looking-out-a-window-at-the-rain.-She-should-be-in-a-casual-outfit-standing-insi.jpg | https://physical-balance-lab.com/wp/wp-content/uploads/2024/05/DALL·E-2024-05-22-13.10.11-Create-a-realistic-photo-like-image-of-the-same-Japanese-woman-who-was-previously-depicted-with-lower-back-pain-doing-desk-work.-She-should-be-in-a.jpg | https://physical-balance-lab.com/wp/wp-content/uploads/2024/05/DALL·E-2024-05-22-13.17.46-Create-a-realistic-photo-like-image-of-the-same-Japanese-woman-who-was-previously-depicted-with-lower-back-pain-doing-stretches.-She-should-be-in-a-1.jpg,0,6
477,【肩こり：肩こりを即解消！専門家が教える原因と簡単な改善方法】,%e3%80%90%e8%82%a9%e3%81%93%e3%82%8a%ef%bc%9a%e8%82%a9%e3%81%93%e3%82%8a%e3%82%92%e5%8d%b3%e8%a7%a3%e6%b6%88%ef%bc%81%e5%b0%82%e9%96%80%e5%ae%b6%e3%81%8c%e6%95%99%e3%81%88%e3%82%8b%e5%8e%9f%e5%9b%a0,https://physical-balance-lab.com/477/,2024-05-21T17:07:58,2024-05-23T14:51:57,314,https://physical-balance-lab.com/wp/wp-content/uploads/2024/05/eyecatch.jpg,217,True,5,2,3,"484,482,483",https://physical-balance-lab.com/wp/wp-content/uploads/2024/05/DALL·E-2024-05-21-15.21.28-A-woman-experiencing-shoulder-stiffness-from-long-hours-of-computer-work-or-smartphone-use.-The-woman-is-sitting-in-front-of-a-computer-with-poor-post.png | https://physical-balance-lab.com/wp/wp-content/uploads/2024/05/DALL·E-2024-05-21-15.17.03-An-illustration-in-the-same-style-as-a-person-experiencing-shoulder-stiffness.-A-woman-sleeping-with-an-uncomfortable-pillow.-The-woman-is-lying-in-be.png | https://physical-balance-lab.com/wp/wp-content/uploads/2024/05/DALL·E-2024-05-21-15.18.51-An-illustration-of-a-woman-stretching-to-relieve-shoulder-stiffness.-The-woman-is-performing-a-simple-shoulder-stretch-with-correct-hand-positioning-.png,0,6
347,【腰痛：5月は要注意！寒暖差で起こる身体の不調】,347,https://physical-balance-lab.com/347/,2024-05-14T12:14:59,2024-05-23T16:28:26,314,https://physical-balance-lab.com/wp/wp-content/uploads/2024/05/eyecatch.jpg,217,True,4,2,2,"421,437",https://physical-balance-lab.com/wp/wp-content/uploads/2024/05/DALL·E-2024-04-26-18.59.31-Image-of-a-middle-aged-Japanese-woman-sitting-on-a-couch-looking-thoughtful-and-troubled-rubbing-her-lower-back-with-one-hand.-She-appears-to-be-in-.png | https://physical-balance-lab.com/wp/wp-content/uploads/2024/05/DALL·E-2024-05-08-18.07.06-A-40-year-old-Asian-woman-enjoying-a-glass-of-water-in-her-kitchen.-She-is-holding-a-clear-glass-cup-sipping-water-with-a-content-and-refreshed-expre.png,1,3
22,【危険！：「夜中に足がつる」は放置しないでください！】,sample-post9,https://physical-balance-lab.com/22/,2024-05-08T16:12:09,2024-06-24T11:04:50,314,https://physical-balance-lab.com/wp/wp-content/uploads/2024/05/eyecatch.jpg,217,True,5,2,3,"435,436,437",https://physical-balance-lab.com/wp/wp-content/uploads/2024/05/DALL·E-2024-05-08-18.01.35-A-40-year-old-Asian-woman-sitting-on-her-bed-at-night-massaging-her-calf.-She-looks-uncomfortable-but-not-in-severe-pain-gently-rubbing-her-leg-with.png | https://physical-balance-lab.com/wp/wp-content/uploads/2024/05/DALL·E-2024-05-08-18.06.07-An-illustrative-depiction-of-blood-flowing-through-veins-showing-the-blood-as-thick-and-viscous.-The-scene-is-a-close-up-of-a-cross-section-of-a-vein.png | https://physical-balance-lab.com/wp/wp-content/uploads/2024/05/DALL·E-2024-05-08-18.07.06-A-40-year-old-Asian-woman-enjoying-a-glass-of-water-in-her-kitchen.-She-is-holding-a-clear-glass-cup-sipping-water-with-a-content-and-refreshed-expre.png,0,4
317,【側弯症：脊柱側弯症とタバコの意外な関係】,%e3%80%90%e5%81%b4%e5%bc%af%e7%97%87%ef%bc%9a%e8%84%8a%e6%9f%b1%e5%81%b4%e5%bc%af%e7%97%87%e3%81%a8%e3%82%bf%e3%83%90%e3%82%b3%e3%81%ae%e6%84%8f%e5%a4%96%e3%81%aa%e9%96%a2%e4%bf%82%e3%80%91,https://physical-balance-lab.com/317/,2024-05-03T21:23:50,2024-05-23T16:10:57,314,https://physical-balance-lab.com/wp/wp-content/uploads/2024/05/eyecatch.jpg,217,True,2,2,0,,,3,3
319,【五十肩：脊柱側弯症と五十肩って関係あるの？】,%e3%80%90%e4%ba%94%e5%8d%81%e8%82%a9%ef%bc%9a%e8%84%8a%e6%9f%b1%e5%81%b4%e5%bc%af%e7%97%87%e3%81%a8%e4%ba%94%e5%8d%81%e8%82%a9%e3%81%a3%e3%81%a6%e9%96%a2%e4%bf%82%e3%81%82%e3%82%8b%e3%81%ae%ef%bc%9f,https://physical-balance-lab.com/319/,2024-05-01T21:26:36,2024-05-27T15:12:53,314,https://physical-balance-lab.com/wp/wp-content/uploads/2024/05/eyecatch.jpg,217,True,4,2,2,"549,424",https://physical-balance-lab.com/wp/wp-content/uploads/2024/04/側弯症①.jpg | https://physical-balance-lab.com/wp/wp-content/uploads/2024/05/DALL·E-2024-04-28-00.11.03-A-smiling-middle-aged-Japanese-female-patient-sitting-up-on-a-treatment-table-engaged-in-a-warm-conversation-with-her-Japanese-therapist.-The-patient.png,1,5
323,【股関節痛：脊柱側弯症と股関節痛の意外な関係とは？】,%e3%80%90%e8%82%a1%e9%96%a2%e7%af%80%e7%97%9b%ef%bc%9a%e8%84%8a%e6%9f%b1%e5%81%b4%e5%bc%af%e7%97%87%e3%81%a8%e8%82%a1%e9%96%a2%e7%af%80%e7%97%9b%e3%81%ae%e6%84%8f%e5%a4%96%e3%81%aa%e9%96%a2%e4%bf%82,https://physical-balance-lab.com/323/,2024-04-30T21:37:40,2024-05-23T16:03:53,314,https://physical-balance-lab.com/wp/wp-content/uploads/2024/05/eyecatch.jpg,217,True,5,2,2,"549,394",https://physical-balance-lab.com/wp/wp-content/uploads/2024/04/側弯症①.jpg | https://physical-balance-lab.com/wp/wp-content/uploads/2024/05/DALL·E-2024-04-15-19.42.02-An-office-worker-a-woman-in-her-40s-taking-a-break-from-work-by-stretching-her-body-in-front-of-her-desk.-She-is-doing-a-standing-stretch-reaching-.png,1,5
325,【腰痛に悩む真希さん（仮名）の改善までのストーリー】,%e3%80%90%e8%85%b0%e7%97%9b%e3%81%ab%e6%82%a9%e3%82%80%e7%9c%9f%e5%b8%8c%e3%81%95%e3%82%93%ef%bc%88%e4%bb%ae%e5%90%8d%ef%bc%89%e3%81%ae%e6%94%b9%e5%96%84%e3%81%be%e3%81%a7%e3%81%ae%e3%82%b9%e3%83%88,https://physical-balance-lab.com/325/,2024-04-26T21:47:28,2024-05-23T15:59:54,314,https://physical-balance-lab.com/wp/wp-content/uploads/2024/05/eyecatch.jpg,217,True,6,2,3,"418,419,420",https://physical-balance-lab.com/wp/wp-content/uploads/2024/05/DALL·E-2024-04-26-17.48.19-Image-of-a-middle-aged-Japanese-woman-in-her-40s-named-Maki-in-a-home-kitchen-experiencing-a-sharp-pain-in-her-lower-back-while-washing-dishes.-The-.png | https://physical-balance-lab.com/wp/wp-content/uploads/2024/05/DALL·E-2024-04-26-17.48.46-Image-of-a-middle-aged-Japanese-woman-named-Maki-in-her-living-room-doing-light-stretching-exercises-at-night.-She-is-sitting-on-a-yoga-mat-stretchin.png | https://physical-balance-lab.com/wp/wp-content/uploads/2024/05/DALL·E-2024-04-26-17.49.41-Image-of-a-middle-aged-Japanese-woman-named-Maki-smiling-and-cooking-happily-in-her-modern-kitchen-now-free-from-back-pain.-She-is-dressed-in-casual.png,0,2
328,【腰痛：医学的根拠あり腰痛にサヨナラ！家でできる簡単ストレッチ】,%e3%80%90%e5%8c%bb%e5%ad%a6%e7%9a%84%e6%a0%b9%e6%8b%a0%e3%81%82%e3%82%8a%ef%bc%9a%e8%85%b0%e7%97%9b%e3%81%ab%e3%82%b5%e3%83%a8%e3%83%8a%e3%83%a9%ef%bc%81%e5%ae%b6%e3%81%a7%e3%81%a7%e3%81%8d%e3%82%8b,https://physical-balance-lab.com/328/,2024-04-25T21:49:33,2024-06-24T11:04:37,314,https://physical-balance-lab.com/wp/wp-content/uploads/2024/05/eyecatch.jpg,217,True,2,2,0,,,3,3
330,【なぜ整体が健康に良いのか？5つの主要な健康効果5選】,%e3%80%90%e3%81%aa%e3%81%9c%e6%95%b4%e4%bd%93%e3%81%8c%e5%81%a5%e5%ba%b7%e3%81%ab%e8%89%af%e3%81%84%e3%81%ae%e3%81%8b%ef%bc%9f5%e3%81%a4%e3%81%ae%e4%b8%bb%e8%a6%81%e3%81%aa%e5%81%a5%e5%ba%b7%e5%8a%b9,https://physical-balance-lab.com/330/,2024-04-24T21:50:50,2024-05-23T15:45:19,314,https://physical-balance-lab.com/wp/wp-content/uploads/2024/05/eyecatch.jpg,217,True,5,2,3,"566,481,436",https://physical-balance-lab.com/wp/wp-content/uploads/2024/04/DALL·E-2024-04-24-14.02.02-A-serene-scene-from-ancient-Greek-mythology-depicting-a-massage-session.-The-setting-is-an-open-air-pavilion-with-stone-columns-and-draped-linens.-Se.png | https://physical-balance-lab.com/wp/wp-content/uploads/2024/05/DALL·E-2024-05-21-15.16.59-A-person-experiencing-shoulder-stiffness-from-long-hours-of-computer-work-or-smartphone-use.-The-person-is-sitting-in-front-of-a-computer-with-poor-po.png | https://physical-balance-lab.com/wp/wp-content/uploads/2024/05/DALL·E-2024-05-08-18.06.07-An-illustrative-depiction-of-blood-flowing-through-veins-showing-the-blood-as-thick-and-viscous.-The-scene-is-a-close-up-of-a-cross-section-of-a-vein.png,0,3
334,【腰痛：産後の40代女性の腰痛の原因を考察】,%e3%80%90%e8%85%b0%e7%97%9b%ef%bc%9a%e7%94%a3%e5%be%8c%e3%81%ae40%e4%bb%a3%e5%a5%b3%e6%80%a7%e3%81%ae%e8%85%b0%e7%97%9b%e3%81%ae%e5%8e%9f%e5%9b%a0%e3%82%92%e8%80%83%e5%af%9f%e3%80%91,https://physical-balance-lab.com/334/,2024-04-23T22:01:29,2024-05-23T15:36:08,314,https://physical-balance-lab.com/wp/wp-content/uploads/2024/05/eyecatch.jpg,217,True,2,2,0,,,3,3
332,【姿勢を整えることのリスクと注意点】,%e3%80%90%e5%a7%bf%e5%8b%a2%e3%82%92%e6%95%b4%e3%81%88%e3%82%8b%e3%81%93%e3%81%a8%e3%81%ae%e3%83%aa%e3%82%b9%e3%82%af%e3%81%a8%e6%b3%a8%e6%84%8f%e7%82%b9%e3%80%91,https://physical-balance-lab.com/332/,2024-04-23T21:57:56,2024-06-24T11:04:23,314,https://physical-balance-lab.com/wp/wp-content/uploads/2024/05/eyecatch.jpg,217,True,2,2,0,,,3,0
439,【腰痛：長時間のデスクワークが腰に与える影響とその対策法】,%e3%80%90%e8%85%b0%e7%97%9b%ef%bc%9a%e9%95%b7%e6%99%82%e9%96%93%e3%81%ae%e3%83%87%e3%82%b9%e3%82%af%e3%83%af%e3%83%bc%e3%82%af%e3%81%8c%e8%85%b0%e3%81%ab%e4%b8%8e%e3%81%88%e3%82%8b%e5%bd%b1%e9%9f%bf,https://physical-balance-lab.com/439/,2024-04-22T15:14:02,2024-05-23T15:28:38,314,https://physical-balance-lab.com/wp/wp-content/uploads/2024/05/eyecatch.jpg,217,True,4,2,2,"396,407",https://physical-balance-lab.com/wp/wp-content/uploads/2024/05/DALL·E-2024-04-16-18.15.50-A-realistic-image-of-a-Japanese-middle-aged-male-office-worker-sitting-at-a-desk-feeling-discomfort-in-his-lower-back.-The-man-appears-to-be-in-his-5.png | https://physical-balance-lab.com/wp/wp-content/uploads/2024/05/DALL·E-2024-04-22-11.45.43-Illustration-of-a-person-stretching-at-their-desk-in-an-office-setting.-The-character-is-a-middle-aged-Asian-male-dressed-in-business-casual-attire-.png,1,2
459,【バイオフィードバック療法の詳細解説】,%e3%80%90%e3%83%90%e3%82%a4%e3%82%aa%e3%83%95%e3%82%a3%e3%83%bc%e3%83%89%e3%83%90%e3%83%83%e3%82%af%e7%99%82%e6%b3%95%e3%81%ae%e8%a9%b3%e7%b4%b0%e8%a7%a3%e8%aa%ac%e3%80%91,https://physical-balance-lab.com/459/,2024-04-18T15:43:38,2024-06-24T11:04:05,314,https://physical-balance-lab.com/wp/wp-content/uploads/2024/05/eyecatch.jpg,217,True,2,2,0,,,3,2
457,【側弯症：マッサージやリハビリ以外の脊柱側弯症の選択肢】,%e3%80%90%e3%83%9e%e3%83%83%e3%82%b5%e3%83%bc%e3%82%b8%e3%82%84%e3%83%aa%e3%83%8f%e3%83%93%e3%83%aa%e4%bb%a5%e5%a4%96%e3%81%ae%e8%84%8a%e6%9f%b1%e5%81%b4%e5%bc%af%e7%97%87%e3%81%ae%e9%81%b8%e6%8a%9e,https://physical-balance-lab.com/457/,2024-04-18T15:41:40,2024-05-23T15:26:16,314,https://physical-balance-lab.com/wp/wp-content/uploads/2024/05/eyecatch.jpg,217,True,6,2,3,"551,403,405",https://physical-balance-lab.com/wp/wp-content/uploads/2024/04/側弯症③.jpg | https://physical-balance-lab.com/wp/wp-content/uploads/2024/05/DALL·E-2024-04-18-19.50.46-An-illustration-of-a-patient-sitting-in-a-relaxed-pose-during-a-heart-rate-variability-HRV-biofeedback-session.-The-patient-is-shown-with-electrodes.png | https://physical-balance-lab.com/wp/wp-content/uploads/2024/05/DALL·E-2024-04-18-20.27.04-An-illustration-of-a-serene-yoga-session-in-a-peaceful-studio.-The-image-features-a-diverse-group-of-people-engaged-in-various-yoga-poses-on-mats.-The.png,0,2
441,【パルス電磁場療法（PEMF）の概要と解説】,%e3%80%90%e3%83%91%e3%83%ab%e3%82%b9%e9%9b%bb%e7%a3%81%e5%a0%b4%e7%99%82%e6%b3%95%ef%bc%88pemf%ef%bc%89%e3%81%ae%e6%a6%82%e8%a6%81%e3%81%a8%e8%a7%a3%e8%aa%ac%e3%80%91,https://physical-balance-lab.com/441/,2024-04-18T15:23:27,2024-11-09T16:52:47,314,https://physical-balance-lab.com/wp/wp-content/uploads/2024/05/eyecatch.jpg,217,True,2,2,0,,,3,4
463,【腰痛：ただの腰痛と坐骨神経痛の違い】,%e3%80%90%e8%85%b0%e7%97%9b%ef%bc%9a%e3%81%9f%e3%81%a0%e3%81%ae%e8%85%b0%e7%97%9b%e3%81%a8%e5%9d%90%e9%aa%a8%e7%a5%9e%e7%b5%8c%e7%97%9b%e3%81%ae%e9%81%95%e3%81%84%e3%80%91,https://physical-balance-lab.com/463/,2024-04-16T15:47:14,2024-08-23T23:08:31,314,https://physical-balance-lab.com/wp/wp-content/uploads/2024/05/eyecatch.jpg,217,True,3,2,1,262,https://physical-balance-lab.com/wp/wp-content/uploads/2024/04/cat_youtsu.jpg,2,3
465,【肩こり：話題のオフィス症候群を徹底解説！ 】,%e3%80%90%e8%82%a9%e3%81%93%e3%82%8a%ef%bc%9a%e8%a9%b1%e9%a1%8c%e3%81%ae%e3%82%aa%e3%83%95%e3%82%a3%e3%82%b9%e7%97%87%e5%80%99%e7%be%a4%e3%82%92%e5%be%b9%e5%ba%95%e8%a7%a3%e8%aa%ac%ef%bc%81-%e3%80%91,https://physical-balance-lab.com/465/,2024-04-15T15:48:32,2024-05-23T15:14:46,314,https://physical-balance-lab.com/wp/wp-content/uploads/2024/05/eyecatch.jpg,217,True,5,2,3,"484,394,437",https://physical-balance-lab.com/wp/wp-content/uploads/2024/05/DALL·E-2024-05-21-15.21.28-A-woman-experiencing-shoulder-stiffness-from-long-hours-of-computer-work-or-smartphone-use.-The-woman-is-sitting-in-front-of-a-computer-with-poor-post.png | https://physical-balance-lab.com/wp/wp-content/uploads/2024/05/DALL·E-2024-04-15-19.42.02-An-office-worker-a-woman-in-her-40s-taking-a-break-from-work-by-stretching-her-body-in-front-of-her-desk.-She-is-doing-a-standing-stretch-reaching-.png | https://physical-balance-lab.com/wp/wp-content/uploads/2024/05/DALL·E-2024-05-08-18.07.06-A-40-year-old-Asian-woman-enjoying-a-glass-of-water-in-her-kitchen.-She-is-holding-a-clear-glass-cup-sipping-water-with-a-content-and-refreshed-expre.png,0,3
703,【腰痛：産後の腰痛に『レッドコード整体』が効果的だった例】,%e3%80%90%e8%85%b0%e7%97%9b%ef%bc%9a%e7%94%a3%e5%be%8c%e3%81%ae%e8%85%b0%e7%97%9b%e3%81%ab%e3%80%8e%e3%83%ac%e3%83%83%e3%83%89%e3%82%b3%e3%83%bc%e3%83%89%e6%95%b4%e4%bd%93%e3%80%8f%e3%81%8c%e5%8a%b9,https://physical-balance-lab.com/703/,2024-04-12T18:44:06,2024-06-06T19:02:19,314,https://physical-balance-lab.com/wp/wp-content/uploads/2024/05/eyecatch.jpg,217,True,5,3,2,"681,704",https://physical-balance-lab.com/wp/wp-content/uploads/2024/06/Firefly-リビングで掃除機をかけている30代日本人女性。カジュアルな白いTシャツとデニム姿で、腰痛を気にしている様子。-90930-e1717667558601.jpg | https://physical-balance-lab.com/wp/wp-content/uploads/2024/06/Firefly-日本人女性。30代。赤ちゃんを高い高いしている。公園。晴れの日。笑顔。-76425-e1717668130911.jpg,1,5
467,【腰痛：腰椎椎間板ヘルニアの初期症状を解説】,%e3%80%90%e8%85%b0%e6%a4%8e%e6%a4%8e%e9%96%93%e6%9d%bf%e3%83%98%e3%83%ab%e3%83%8b%e3%82%a2%e3%81%ae%e5%88%9d%e6%9c%9f%e7%97%87%e7%8a%b6%e3%82%92%e8%a7%a3%e8%aa%ac%e3%80%91,https://physical-balance-lab.com/467/,2024-04-11T15:49:33,2024-05-23T16:09:09,314,https://physical-balance-lab.com/wp/wp-content/uploads/2024/05/eyecatch.jpg,217,True,4,2,2,"535,397",https://physical-balance-lab.com/wp/wp-content/uploads/2024/04/椎間板ヘルニア②.jpg | https://physical-balance-lab.com/wp/wp-content/uploads/2024/05/DALL·E-2024-04-16-18.15.53-A-realistic-image-of-a-Japanese-middle-aged-man-experiencing-sciatic-pain-clutching-his-lower-back-and-leg-while-grimacing-in-pain.-The-man-is-depict.png,1,3
589,【腰痛：アキレス腱の固さと腰痛の関係】,%e3%80%90%e8%85%b0%e7%97%9b%ef%bc%9a%e3%82%a2%e3%82%ad%e3%83%ac%e3%82%b9%e8%85%b1%e3%81%ae%e5%9b%ba%e3%81%95%e3%81%a8%e8%85%b0%e7%97%9b%e3%81%ae%e9%96%a2%e4%bf%82%e3%80%91,https://physical-balance-lab.com/589/,2024-04-10T16:26:28,2024-06-24T11:03:32,314,https://physical-balance-lab.com/wp/wp-content/uploads/2024/05/eyecatch.jpg,217,True,2,2,0,,,3,4
469,【脊柱側弯症の中学生のための治療法と注意点】,%e3%80%90%e8%84%8a%e6%9f%b1%e5%81%b4%e5%bc%af%e7%97%87%e3%81%ae%e4%b8%ad%e5%ad%a6%e7%94%9f%e3%81%ae%e3%81%9f%e3%82%81%e3%81%ae%e6%b2%bb%e7%99%82%e6%b3%95%e3%81%a8%e6%b3%a8%e6%84%8f%e7%82%b9%e3%80%91,https://physical-balance-lab.com/469/,2024-04-10T15:50:48,2024-05-23T15:07:03,314,https://physical-balance-lab.com/wp/wp-content/uploads/2024/05/eyecatch.jpg,217,True,3,2,1,534,https://physical-balance-lab.com/wp/wp-content/uploads/2024/04/脊柱側弯症①.png,2,3
471,【肩こり：慢性肩こりの真の原因『巻き肩亜脱臼』の解消法！】,%e3%80%90%e6%85%a2%e6%80%a7%e8%82%a9%e3%81%93%e3%82%8a%e3%81%ae%e7%9c%9f%e3%81%ae%e5%8e%9f%e5%9b%a0%e3%80%8e%e5%b7%bb%e3%81%8d%e8%82%a9%e4%ba%9c%e8%84%b1%e8%87%bc%e3%80%8f%e3%81%ae%e8%a7%a3%e6%b6%88,https://physical-balance-lab.com/471/,2024-04-09T15:52:03,2024-05-23T16:08:59,314,https://physical-balance-lab.com/wp/wp-content/uploads/2024/05/eyecatch.jpg,217,True,3,2,1,438,https://physical-balance-lab.com/wp/wp-content/uploads/2024/05/DALL·E-2024-03-29-20.00.51-Create-a-more-adorable-and-cute-illustration-of-a-skeleton-model-pressing-its-hand-against-its-shoulder-as-if-its-in-pain.-This-time-give-the-skelet.png,2,3
473,【腰痛：手術なしで治す腰椎椎間板ヘルニア】,%e3%80%90%e6%89%8b%e8%a1%93%e3%81%aa%e3%81%97%e3%81%a7%e6%b2%bb%e3%81%99%e8%85%b0%e6%a4%8e%e6%a4%8e%e9%96%93%e6%9d%bf%e3%83%98%e3%83%ab%e3%83%8b%e3%82%a2%e3%80%91,https://physical-balance-lab.com/473/,2024-04-06T15:53:47,2024-05-23T16:09:26,314,https://physical-balance-lab.com/wp/wp-content/uploads/2024/05/eyecatch.jpg,217,True,3,2,1,537,https://physical-balance-lab.com/wp/wp-content/uploads/2024/04/腰椎椎間板ヘルニア①.png,2,3
475,【腰痛：50代女性に起こる腰痛の原因は？】,%e3%80%9050%e4%bb%a3%e5%a5%b3%e6%80%a7%e3%81%ab%e8%b5%b7%e3%81%93%e3%82%8b%e8%85%b0%e7%97%9b%e3%81%ae%e5%8e%9f%e5%9b%a0%e3%81%af%ef%bc%9f%e3%80%91,https://physical-balance-lab.com/475/,2024-04-03T15:55:10,2024-05-23T14:49:20,314,https://physical-balance-lab.com/wp/wp-content/uploads/2024/05/eyecatch.jpg,217,True,4,2,2,"399,431",https://physical-balance-lab.com/wp/wp-content/uploads/2024/05/DALL·E-2024-04-16-18.19.42-A-realistic-image-of-a-Japanese-middle-aged-woman-experiencing-sciatic-pain-clutching-her-lower-back-and-leg-while-grimacing-in-pain.-The-woman-is-de.png | https://physical-balance-lab.com/wp/wp-content/uploads/2024/05/DALL·E-2024-05-01-16.30.20-An-illustration-showing-various-stretching-and-exercise-routines-ideal-for-people-with-spinal-curvature-to-prevent-frozen-shoulder.-The-image-should-d.png,1,3
774,【五十肩：自分に合う五十肩治療の見つけ方】,%e3%80%90%e4%ba%94%e5%8d%81%e8%82%a9%ef%bc%9a%e8%87%aa%e5%88%86%e3%81%ab%e5%90%88%e3%81%86%e4%ba%94%e5%8d%81%e8%82%a9%e6%b2%bb%e7%99%82%e3%81%ae%e8%a6%8b%e3%81%a4%e3%81%91%e6%96%b9%e3%80%91,https://physical-balance-lab.com/774/,2024-03-30T11:54:56,2024-06-24T12:18:14,314,https://physical-balance-lab.com/wp/wp-content/uploads/2024/05/eyecatch.jpg,217,True,3,3,0,,,3,4
784,【脊柱側弯症の早期発見と対処法 – 見逃してはいけない重要なサイン】,%e3%80%90%e8%84%8a%e6%9f%b1%e5%81%b4%e5%bc%af%e7%97%87%e3%81%ae%e6%97%a9%e6%9c%9f%e7%99%ba%e8%a6%8b%e3%81%a8%e5%af%be%e5%87%a6%e6%b3%95-%e8%a6%8b%e9%80%83%e3%81%97%e3%81%a6%e3%81%af%e3%81%84,https://physical-balance-lab.com/784/,2024-03-26T18:01:43,2024-06-26T18:12:42,314,https://physical-balance-lab.com/wp/wp-content/uploads/2024/05/eyecatch.jpg,217,True,4,2,2,",785",https://images.ctfassets.net/yixw23k2v6vo/spu_article_fid42162_asset/57e04a5dc96947d24beaf08f2e5a99ab/3952-scoliosis_types_100585862_ml.jpg | https://physical-balance-lab.com/wp/wp-content/uploads/2024/06/アダムス前屈テスト-e1719392997594.jpg,1,7
779,【側弯症：脊柱側弯症と腰痛、知っておきたい7つのこと】,%e3%80%90%e5%81%b4%e5%bc%af%e7%97%87%ef%bc%9a%e8%84%8a%e6%9f%b1%e5%81%b4%e5%bc%af%e7%97%87%e3%81%a8%e8%85%b0%e7%97%9b%e3%80%81%e7%9f%a5%e3%81%a3%e3%81%a6%e3%81%8a%e3%81%8d%e3%81%9f%e3%81%847%e3%81%a4,https://physical-balance-lab.com/779/,2024-01-24T16:52:49,2024-06-24T16:53:19,314,https://physical-balance-lab.com/wp/wp-content/uploads/2024/05/eyecatch.jpg,217,True,2,2,0,,,3,8
608,【腰痛：実は危険！ぎっくり腰の前兆５選！】,%e3%80%90%e8%85%b0%e7%97%9b%ef%bc%9a%e5%ae%9f%e3%81%af%e5%8d%b1%e9%99%ba%ef%bc%81%e3%81%8e%e3%81%a3%e3%81%8f%e3%82%8a%e8%85%b0%e3%81%ae%e5%89%8d%e5%85%86%ef%bc%95%e9%81%b8%ef%bc%81%e3%80%91,https://physical-balance-lab.com/608/,2023-10-04T17:00:45,2024-05-23T17:04:19,314,https://physical-balance-lab.com/wp/wp-content/uploads/2024/05/eyecatch.jpg,217,True,4,2,2,"399,398",https://physical-balance-lab.com/wp/wp-content/uploads/2024/05/DALL·E-2024-04-16-18.19.42-A-realistic-image-of-a-Japanese-middle-aged-woman-experiencing-sciatic-pain-clutching-her-lower-back-and-leg-while-grimacing-in-pain.-The-woman-is-de.png | https://physical-balance-lab.com/wp/wp-content/uploads/2024/05/DALL·E-2024-04-16-18.19.38-A-realistic-image-of-a-Japanese-middle-aged-female-office-worker-sitting-at-a-desk-feeling-discomfort-in-her-lower-back.-The-woman-appears-to-be-in-h.png,1,1
616,【腰痛予備軍：歩いているとスカートが回っちゃう？その理由と対策とは！】,%e3%80%90%e8%85%b0%e7%97%9b%e4%ba%88%e5%82%99%e8%bb%8d%ef%bc%9a%e6%ad%a9%e3%81%84%e3%81%a6%e3%81%84%e3%82%8b%e3%81%a8%e3%82%b9%e3%82%ab%e3%83%bc%e3%83%88%e3%81%8c%e5%9b%9e%e3%81%a3%e3%81%a1%e3%82%83,https://physical-balance-lab.com/616/,2022-07-23T17:19:44,2024-06-24T11:03:03,314,https://physical-balance-lab.com/wp/wp-content/uploads/2024/05/eyecatch.jpg,217,True,4,2,1,617,https://physical-balance-lab.com/wp/wp-content/uploads/2024/05/DALL·E-2024-05-23-17.29.48-A-woman-walking-on-a-street-with-her-skirt-slightly-twisted-to-one-side-showing-the-common-phenomenon-of-skirts-rotating-while-walking.jpg,2,6
584,【アキレス腱が固いその意外な原因とは？】,%e3%80%90%e3%82%a2%e3%82%ad%e3%83%ac%e3%82%b9%e8%85%b1%e3%81%8c%e5%9b%ba%e3%81%84%e3%81%9d%e3%81%ae%e6%84%8f%e5%a4%96%e3%81%aa%e5%8e%9f%e5%9b%a0%e3%81%a8%e3%81%af%ef%bc%9f%e3%80%91,https://physical-balance-lab.com/584/,2022-06-06T16:20:49,2024-06-24T11:03:56,314,https://physical-balance-lab.com/wp/wp-content/uploads/2024/05/eyecatch.jpg,217,True,2,1,1,586,https://physical-balance-lab.com/wp/wp-content/uploads/2024/05/IMG_1582__midium.jpg,2,2
620,【腰痛予備軍：つま先重心で身体に起こること】,%e3%80%90%e8%85%b0%e7%97%9b%e4%ba%88%e5%82%99%e8%bb%8d%ef%bc%9a%e3%81%a4%e3%81%be%e5%85%88%e9%87%8d%e5%bf%83%e3%81%a7%e8%ba%ab%e4%bd%93%e3%81%ab%e8%b5%b7%e3%81%93%e3%82%8b%e3%81%93%e3%81%a8%e3%80%91,https://physical-balance-lab.com/620/,2022-05-13T17:37:47,2024-06-24T11:02:53,314,https://physical-balance-lab.com/wp/wp-content/uploads/2024/05/eyecatch.jpg,217,True,5,2,3,"621,622,623",https://physical-balance-lab.com/wp/wp-content/uploads/2024/05/00000482_eye_catch.jpg | https://physical-balance-lab.com/wp/wp-content/uploads/2024/05/DALL·E-2024-05-23-17.51.33-An-illustration-of-a-man-affected-by-toe-centered-posture.-He-has-a-mixed-posture-of-lordosis-and-kyphosis-showing-expressions-of-pain-in-his-waist-a.jpg | https://physical-balance-lab.com/wp/wp-content/uploads/2024/05/DALL·E-2024-05-23-17.51.35-A-comparative-diagram-showing-correct-posture-and-toe-centered-posture.-On-the-left-a-person-with-correct-posture-stands-with-their-weight-centered-b.jpg,0,6
602,【腰痛予防：反り腰にならない椅子の座り方】,602,https://physical-balance-lab.com/602/,2021-10-07T16:54:11,2024-05-29T00:32:54,314,https://physical-balance-lab.com/wp/wp-content/uploads/2024/05/eyecatch.jpg,217,True,4,2,2,"604,603",https://physical-balance-lab.com/wp/wp-content/uploads/2024/05/afb1711c903472524f6584e093f92f61_s__large.jpg | https://physical-balance-lab.com/wp/wp-content/uploads/2024/05/IMG_2283__large.jpg,1,2
610,【腰痛：座り姿勢で足を組むと姿勢が崩れるって本当？】,%e3%80%90%e8%85%b0%e7%97%9b%ef%bc%9a%e5%ba%a7%e3%82%8a%e5%a7%bf%e5%8b%a2%e3%81%a7%e8%b6%b3%e3%82%92%e7%b5%84%e3%82%80%e3%81%a8%e5%a7%bf%e5%8b%a2%e3%81%8c%e5%b4%a9%e3%82%8c%e3%82%8b%e3%81%a3%e3%81%a6,https://physical-balance-lab.com/610/,2020-07-06T17:05:09,2024-07-18T12:29:39,314,https://physical-balance-lab.com/wp/wp-content/uploads/2024/05/eyecatch.jpg,217,True,4,2,2,"425,426",https://physical-balance-lab.com/wp/wp-content/uploads/2024/05/DALL·E-2024-04-28-01.23.28-Transform-the-image-of-the-40-year-old-Japanese-businesswoman-at-her-modern-office-desk-into-a-floral-painting.-The-setting-is-artistic-replacing-off-e1721273360329.png | https://physical-balance-lab.com/wp/wp-content/uploads/2024/05/DALL·E-2024-04-28-01.26.26-A-30-something-Asian-woman-working-at-her-desk-on-a-computer-in-a-modern-office-setting.-She-has-a-focused-expression-embodying-professionalism-and-d.png,1,3
599,【肩こりを改善したいなら「肩甲骨はがし」をやめよう！】,%e3%80%90%e8%82%a9%e3%81%93%e3%82%8a%e3%82%92%e6%94%b9%e5%96%84%e3%81%97%e3%81%9f%e3%81%84%e3%81%aa%e3%82%89%e3%80%8c%e8%82%a9%e7%94%b2%e9%aa%a8%e3%81%af%e3%81%8c%e3%81%97%e3%80%8d%e3%82%92%e3%82%84,https://physical-balance-lab.com/599/,2020-01-14T16:44:05,2024-05-23T16:52:53,314,https://physical-balance-lab.com/wp/wp-content/uploads/2024/05/eyecatch.jpg,217,True,3,2,1,427,https://physical-balance-lab.com/wp/wp-content/uploads/2024/05/DALL·E-2024-04-30-19.38.48-An-anatomical-illustration-of-a-human-skeleton-with-the-spine-visibly-curved-in-a-C-shape-demonstrating-a-condition-similar-to-scoliosis.-The-skeleto.png,2,7
593,【頚部痛：その首の痛み、腹筋トレーニングが原因かも！！】,%e3%80%90%e9%a0%9a%e9%83%a8%e7%97%9b%ef%bc%9a%e3%81%9d%e3%81%ae%e9%a6%96%e3%81%ae%e7%97%9b%e3%81%bf%e3%80%81%e8%85%b9%e7%ad%8b%e3%83%88%e3%83%ac%e3%83%bc%e3%83%8b%e3%83%b3%e3%82%b0%e3%81%8c%e5%8e%9f,https://physical-balance-lab.com/593/,2019-02-07T16:31:14,2024-06-24T11:03:23,314,https://physical-balance-lab.com/wp/wp-content/uploads/2024/05/eyecatch.jpg,217,True,5,2,3,"594,596,595",https://physical-balance-lab.com/wp/wp-content/uploads/2024/05/45246_s__large.jpg | https://physical-balance-lab.com/wp/wp-content/uploads/2024/05/28757623_s__large.jpg | https://physical-balance-lab.com/wp/wp-content/uploads/2024/05/3428782_s__large.jpg,0,4
612,【頚椎症で「首が詰まる」「上を向くと痛みを感じる」人はココを緩めて！】,%e3%80%90%e9%a0%9a%e6%a4%8e%e7%97%87%e3%81%a7%e3%80%8c%e9%a6%96%e3%81%8c%e8%a9%b0%e3%81%be%e3%82%8b%e3%80%8d%e3%80%8c%e4%b8%8a%e3%82%92%e5%90%91%e3%81%8f%e3%81%a8%e7%97%9b%e3%81%bf%e3%82%92%e6%84%9f,https://physical-balance-lab.com/612/,2019-02-02T17:09:05,2024-05-23T17:15:12,314,https://physical-balance-lab.com/wp/wp-content/uploads/2024/05/eyecatch.jpg,217,True,4,2,2,"613,614",https://physical-balance-lab.com/wp/wp-content/uploads/2024/05/IMG_2138.jpg | https://physical-balance-lab.com/wp/wp-content/uploads/2024/05/DALL·E-2024-05-23-17.13.19-A-Japanese-woman-is-tilting-her-head-to-the-right-while-stretching.-The-background-is-simple-white-highlighting-her-posture-1.jpg,1,1
